10 year total return;Excess return (over index);Volatility (as st. dev. of annual returns);Information ratio;Parameters and weights
470.85%;136.68%;31.07%;0.256;{'fcfy': 0.1, 'revenue_growth': 0.6, 'dividend_yield': 0.3}
468.00%;133.83%;29.49%;-0.21;{'fcfy': 0.1, 'revenue_growth': 0.5, 'dividend_yield': 0.4}
464.94%;130.76%;30.05%;-0.067;{'fcfy': 0.1, 'roic_wacc': 0.1, 'revenue_growth': 0.8}
458.29%;124.11%;30.38%;0.097;{'roe': 0.2, 'revenue_growth': 0.8}
451.91%;117.74%;31.32%;-0.097;{'fcfy': 0.1, 'revenue_growth': 0.7, 'dividend_yield': 0.2}
443.58%;109.41%;29.59%;0.097;{'roe': 0.2, 'revenue_growth': 0.7, 'dividend_yield': 0.1}
439.94%;105.77%;31.50%;-0.144;{'roe': 0.2, 'fcfy': 0.1, 'revenue_growth': 0.7}
434.52%;100.34%;31.18%;-0.085;{'roe': 0.1, 'fcfy': 0.1, 'revenue_growth': 0.8}
431.92%;97.74%;32.75%;-0.2;{'roe': 0.1, 'revenue_growth': 0.6, 'dividend_yield': 0.3}
428.51%;94.34%;31.79%;0.143;{'roe': 0.1, 'fcfy': 0.1, 'revenue_growth': 0.7, 'dividend_yield': 0.1}
426.30%;92.13%;32.60%;0.102;{'revenue_growth': 0.5, 'dividend_yield': 0.5}
421.91%;87.73%;29.75%;-0.315;{'fcfy': 0.1, 'revenue_growth': 0.9}
414.94%;80.77%;31.58%;-0.432;{'roic_wacc': 0.1, 'revenue_growth': 0.9}
413.59%;79.42%;29.21%;-0.096;{'fcfy': 0.2, 'revenue_growth': 0.8}
413.39%;79.22%;31.10%;0.233;{'roe': 0.1, 'revenue_growth': 0.7, 'dividend_yield': 0.2}
408.88%;74.71%;27.54%;-1.745;{'fcfy': 0.5, 'revenue_growth': 0.5}
404.40%;70.23%;31.57%;-1.859;{'fcfy': 0.6, 'revenue_growth': 0.1, 'dividend_yield': 0.3}
402.47%;68.30%;30.57%;-0.247;{'roe': 0.1, 'revenue_growth': 0.8, 'dividend_yield': 0.1}
401.66%;67.49%;31.18%;-1.568;{'roe': 0.1, 'fcfy': 0.7, 'revenue_growth': 0.1, 'dividend_yield': 0.1}
400.51%;66.34%;28.16%;-1.016;{'roe': 0.3, 'fcfy': 0.7}
399.15%;64.98%;30.24%;-0.315;{'fcfy': 0.1, 'revenue_growth': 0.8, 'dividend_yield': 0.1}
395.03%;60.86%;29.84%;-1.598;{'fcfy': 0.6, 'dividend_yield': 0.4}
394.12%;59.95%;32.19%;-0.907;{'fcfy': 0.9, 'revenue_growth': 0.1}
393.77%;59.60%;31.82%;-0.432;{'roic_wacc': 0.1, 'revenue_growth': 0.8, 'dividend_yield': 0.1}
388.92%;54.75%;30.67%;-0.247;{'roe': 0.1, 'revenue_growth': 0.9}
384.73%;50.56%;33.25%;-1.846;{'fcfy': 0.7, 'revenue_growth': 0.1, 'dividend_yield': 0.2}
384.72%;50.55%;30.63%;-0.148;{'roe': 0.1, 'roic_wacc': 0.1, 'revenue_growth': 0.8}
381.85%;47.67%;28.91%;-1.176;{'roe': 0.1, 'fcfy': 0.6, 'dividend_yield': 0.3}
379.52%;45.35%;32.94%;-0.236;{'roic_wacc': 0.1, 'revenue_growth': 0.7, 'dividend_yield': 0.2}
378.64%;44.47%;27.25%;-0.538;{'fcfy': 0.4, 'revenue_growth': 0.6}
377.94%;43.77%;31.30%;-0.875;{'fcfy': 0.8, 'dividend_yield': 0.2}
377.47%;43.29%;32.41%;-1.797;{'fcfy': 0.8, 'revenue_growth': 0.1, 'dividend_yield': 0.1}
375.71%;41.54%;30.51%;-1.22;{'roe': 0.2, 'fcfy': 0.7, 'revenue_growth': 0.1}
374.12%;39.95%;29.24%;0.079;{'roe': 0.2, 'revenue_growth': 0.6, 'dividend_yield': 0.2}
372.65%;38.47%;30.19%;-1.983;{'roe': 0.2, 'fcfy': 0.8}
372.52%;38.35%;21.08%;0.378;{'roe': 0.2, 'fcfy': 0.2, 'roic_wacc': 0.5, 'revenue_growth': 0.1}
371.81%;37.64%;30.91%;-1.282;{'fcfy': 0.9, 'roic_wacc': 0.1}
371.67%;37.50%;29.39%;-0.329;{'fcfy': 0.2, 'revenue_growth': 0.7, 'dividend_yield': 0.1}
370.66%;36.49%;20.61%;-0.03;{'roe': 0.2, 'fcfy': 0.1, 'roic_wacc': 0.5, 'revenue_growth': 0.1, 'dividend_yield': 0.1}
368.76%;34.59%;20.29%;-0.161;{'roe': 0.3, 'fcfy': 0.1, 'roic_wacc': 0.4, 'revenue_growth': 0.1, 'dividend_yield': 0.1}
368.20%;34.02%;31.61%;-0.169;{'revenue_growth': 0.9, 'dividend_yield': 0.1}
367.83%;33.66%;30.52%;0.301;{'revenue_growth': 0.4, 'dividend_yield': 0.6}
366.60%;32.42%;26.40%;-1.398;{'fcfy': 0.6, 'revenue_growth': 0.2, 'dividend_yield': 0.2}
363.30%;29.13%;31.15%;0.028;{'revenue_growth': 0.8, 'dividend_yield': 0.2}
361.90%;27.73%;29.44%;-1.113;{'roe': 0.1, 'fcfy': 0.9}
359.50%;25.33%;29.37%;-0.148;{'roe': 0.3, 'revenue_growth': 0.6, 'dividend_yield': 0.1}
357.49%;23.32%;32.91%;0.028;{'revenue_growth': 0.7, 'dividend_yield': 0.3}
354.56%;20.39%;24.22%;-1.269;{'roe': 0.1, 'fcfy': 0.3, 'roic_wacc': 0.2, 'revenue_growth': 0.3, 'dividend_yield': 0.1}
354.06%;19.89%;32.01%;0.108;{'roic_wacc': 0.2, 'revenue_growth': 0.8}
352.20%;18.03%;30.02%;-1.784;{'fcfy': 0.7, 'dividend_yield': 0.3}
351.39%;17.22%;27.13%;-1.109;{'fcfy': 0.4, 'revenue_growth': 0.5, 'dividend_yield': 0.1}
349.35%;15.18%;31.47%;-0.204;{'fcfy': 0.9, 'dividend_yield': 0.1}
349.25%;15.08%;31.10%;-0.275;{'roe': 0.1, 'fcfy': 0.1, 'revenue_growth': 0.6, 'dividend_yield': 0.2}
349.06%;14.88%;20.60%;-0.088;{'roic_wacc': 0.7, 'revenue_growth': 0.2, 'dividend_yield': 0.1}
348.12%;13.94%;27.48%;-0.606;{'fcfy': 0.2, 'roic_wacc': 0.2, 'revenue_growth': 0.6}
348.11%;13.94%;30.73%;-0.462;{'fcfy': 0.1, 'roic_wacc': 0.1, 'revenue_growth': 0.7, 'dividend_yield': 0.1}
348.04%;13.86%;32.89%;-0.13;{'roic_wacc': 0.1, 'revenue_growth': 0.5, 'dividend_yield': 0.4}
347.21%;13.03%;29.64%;0.058;{'fcfy': 0.1, 'roic_wacc': 0.2, 'revenue_growth': 0.7}
346.22%;12.05%;20.21%;0.216;{'roe': 0.2, 'fcfy': 0.1, 'roic_wacc': 0.6, 'dividend_yield': 0.1}
345.85%;11.67%;22.45%;0.296;{'fcfy': 0.1, 'roic_wacc': 0.5, 'revenue_growth': 0.3, 'dividend_yield': 0.1}
345.69%;11.52%;32.22%;-0.138;{'roe': 0.1, 'revenue_growth': 0.5, 'dividend_yield': 0.4}
345.60%;11.43%;34.04%;-2.144;{'fcfy': 0.8, 'revenue_growth': 0.2}
345.44%;11.26%;22.23%;0.172;{'roe': 0.1, 'fcfy': 0.2, 'roic_wacc': 0.4, 'revenue_growth': 0.2, 'dividend_yield': 0.1}
344.03%;9.86%;26.59%;-1.064;{'fcfy': 0.4, 'revenue_growth': 0.2, 'dividend_yield': 0.4}
343.78%;9.60%;30.35%;-1.566;{'roe': 0.1, 'fcfy': 0.7, 'dividend_yield': 0.2}
342.44%;8.26%;22.41%;0.456;{'fcfy': 0.2, 'roic_wacc': 0.6, 'revenue_growth': 0.2}
341.31%;7.13%;23.16%;0.296;{'fcfy': 0.1, 'roic_wacc': 0.6, 'revenue_growth': 0.3}
341.14%;6.96%;19.88%;0.445;{'roic_wacc': 0.7, 'revenue_growth': 0.1, 'dividend_yield': 0.2}
341.07%;6.90%;24.63%;-1.071;{'roe': 0.1, 'fcfy': 0.3, 'roic_wacc': 0.2, 'revenue_growth': 0.4}
340.98%;6.81%;25.12%;-1.671;{'fcfy': 0.5, 'roic_wacc': 0.1, 'revenue_growth': 0.4}
338.70%;4.52%;20.42%;0.107;{'roe': 0.1, 'fcfy': 0.1, 'roic_wacc': 0.6, 'revenue_growth': 0.1, 'dividend_yield': 0.1}
338.61%;4.44%;31.73%;-1.783;{'fcfy': 0.7, 'roic_wacc': 0.1, 'revenue_growth': 0.1, 'dividend_yield': 0.1}
338.52%;4.34%;33.45%;-2.02;{'fcfy': 0.8, 'roic_wacc': 0.1, 'revenue_growth': 0.1}
338.07%;3.89%;31.31%;-1.938;{'roe': 0.1, 'fcfy': 0.8, 'revenue_growth': 0.1}
337.60%;3.43%;26.72%;-1.08;{'roe': 0.1, 'fcfy': 0.4, 'revenue_growth': 0.5}
337.29%;3.11%;29.44%;-0.219;{'roe': 0.2, 'revenue_growth': 0.5, 'dividend_yield': 0.3}
336.95%;2.78%;20.94%;-0.194;{'roe': 0.5, 'fcfy': 0.1, 'roic_wacc': 0.2, 'dividend_yield': 0.2}
336.84%;2.67%;22.28%;0.296;{'fcfy': 0.1, 'roic_wacc': 0.7, 'revenue_growth': 0.2}
336.08%;1.90%;32.00%;-1.746;{'fcfy': 0.8, 'roic_wacc': 0.1, 'dividend_yield': 0.1}
335.69%;1.52%;32.93%;-0.008;{'roic_wacc': 0.1, 'revenue_growth': 0.6, 'dividend_yield': 0.3}
335.62%;1.44%;20.85%;0.456;{'fcfy': 0.2, 'roic_wacc': 0.7, 'revenue_growth': 0.1}
334.98%;0.80%;21.03%;-0.288;{'roe': 0.2, 'fcfy': 0.2, 'roic_wacc': 0.4, 'revenue_growth': 0.2}
334.95%;0.78%;20.92%;0.226;{'roe': 0.2, 'fcfy': 0.2, 'roic_wacc': 0.6}
334.66%;0.49%;31.14%;-1.782;{'roe': 0.1, 'fcfy': 0.8, 'roic_wacc': 0.1}
334.51%;0.33%;19.86%;-0.383;{'roe': 0.4, 'roic_wacc': 0.3, 'revenue_growth': 0.1, 'dividend_yield': 0.2}
334.34%;0.16%;29.54%;-1.345;{'roe': 0.2, 'fcfy': 0.7, 'dividend_yield': 0.1}
332.36%;-1.82%;27.47%;-0.708;{'fcfy': 0.2, 'revenue_growth': 0.5, 'dividend_yield': 0.3}
332.30%;-1.88%;21.45%;0.499;{'fcfy': 0.1, 'roic_wacc': 0.7, 'revenue_growth': 0.1, 'dividend_yield': 0.1}
331.10%;-3.07%;23.05%;0.136;{'roe': 0.1, 'fcfy': 0.1, 'roic_wacc': 0.5, 'revenue_growth': 0.3}
330.87%;-3.30%;27.86%;-0.209;{'fcfy': 0.2, 'revenue_growth': 0.6, 'dividend_yield': 0.2}
330.87%;-3.31%;26.38%;-1.001;{'roe': 0.1, 'fcfy': 0.3, 'roic_wacc': 0.1, 'revenue_growth': 0.4, 'dividend_yield': 0.1}
330.75%;-3.43%;22.48%;0.204;{'roe': 0.1, 'fcfy': 0.2, 'roic_wacc': 0.5, 'revenue_growth': 0.2}
330.72%;-3.46%;18.82%;-0.133;{'roe': 0.5, 'roic_wacc': 0.4, 'dividend_yield': 0.1}
330.55%;-3.62%;30.92%;-0.131;{'roic_wacc': 0.2, 'revenue_growth': 0.6, 'dividend_yield': 0.2}
330.25%;-3.92%;21.41%;-0.032;{'roe': 0.1, 'fcfy': 0.1, 'roic_wacc': 0.6, 'revenue_growth': 0.2}
329.75%;-4.42%;31.66%;-0.367;{'roe': 0.1, 'fcfy': 0.1, 'roic_wacc': 0.1, 'revenue_growth': 0.6, 'dividend_yield': 0.1}
329.45%;-4.73%;22.88%;0.222;{'roic_wacc': 0.5, 'revenue_growth': 0.5}
329.06%;-5.11%;31.15%;-1.163;{'fcfy': 0.7, 'roic_wacc': 0.1, 'dividend_yield': 0.2}
328.37%;-5.81%;20.62%;-0.862;{'roe': 0.3, 'fcfy': 0.2, 'roic_wacc': 0.3, 'revenue_growth': 0.2}
328.32%;-5.86%;24.37%;-1.2;{'roe': 0.2, 'fcfy': 0.5, 'revenue_growth': 0.2, 'dividend_yield': 0.1}
328.26%;-5.92%;20.55%;0.605;{'fcfy': 0.1, 'roic_wacc': 0.8, 'revenue_growth': 0.1}
327.92%;-6.26%;22.06%;0.053;{'roic_wacc': 0.4, 'revenue_growth': 0.4, 'dividend_yield': 0.2}
327.03%;-7.15%;28.54%;0.363;{'roic_wacc': 0.3, 'revenue_growth': 0.7}
327.02%;-7.16%;17.46%;-0.207;{'roe': 0.6, 'fcfy': 0.1, 'roic_wacc': 0.1, 'dividend_yield': 0.2}
326.84%;-7.33%;20.45%;0.449;{'roe': 0.1, 'fcfy': 0.2, 'roic_wacc': 0.6, 'revenue_growth': 0.1}
326.62%;-7.56%;23.47%;-0.472;{'roe': 0.1, 'fcfy': 0.4, 'revenue_growth': 0.1, 'dividend_yield': 0.4}
326.43%;-7.74%;24.61%;-0.662;{'fcfy': 0.3, 'roic_wacc': 0.2, 'revenue_growth': 0.5}
326.14%;-8.03%;25.27%;-0.472;{'fcfy': 0.5, 'revenue_growth': 0.1, 'dividend_yield': 0.4}
326.04%;-8.14%;24.70%;-1.5;{'roe': 0.1, 'fcfy': 0.6, 'revenue_growth': 0.2, 'dividend_yield': 0.1}
325.53%;-8.65%;22.85%;-0.836;{'roe': 0.2, 'fcfy': 0.3, 'revenue_growth': 0.1, 'dividend_yield': 0.4}
325.50%;-8.68%;20.36%;-0.023;{'roe': 0.3, 'fcfy': 0.1, 'roic_wacc': 0.6}
325.43%;-8.75%;19.78%;-0.134;{'roe': 0.1, 'roic_wacc': 0.6, 'revenue_growth': 0.1, 'dividend_yield': 0.2}
325.35%;-8.82%;28.76%;-1.42;{'roe': 0.2, 'fcfy': 0.7, 'roic_wacc': 0.1}
325.31%;-8.86%;18.80%;-0.001;{'roe': 0.7, 'fcfy': 0.1, 'roic_wacc': 0.1, 'dividend_yield': 0.1}
324.86%;-9.32%;33.46%;0.108;{'roic_wacc': 0.2, 'revenue_growth': 0.7, 'dividend_yield': 0.1}
324.66%;-9.51%;20.87%;0.003;{'roe': 0.4, 'fcfy': 0.1, 'roic_wacc': 0.4, 'revenue_growth': 0.1}
324.40%;-9.77%;18.57%;-0.281;{'roe': 0.3, 'roic_wacc': 0.4, 'dividend_yield': 0.3}
323.94%;-10.24%;22.66%;-0.823;{'roe': 0.2, 'fcfy': 0.4, 'revenue_growth': 0.1, 'dividend_yield': 0.3}
323.85%;-10.32%;19.29%;-0.115;{'roe': 0.6, 'fcfy': 0.1, 'roic_wacc': 0.2, 'dividend_yield': 0.1}
323.72%;-10.46%;21.01%;-0.11;{'roe': 0.5, 'fcfy': 0.1, 'roic_wacc': 0.1, 'revenue_growth': 0.1, 'dividend_yield': 0.2}
323.56%;-10.61%;20.76%;-0.2;{'roe': 0.4, 'revenue_growth': 0.1, 'dividend_yield': 0.5}
323.27%;-10.91%;20.61%;-0.137;{'roe': 0.1, 'roic_wacc': 0.6, 'revenue_growth': 0.2, 'dividend_yield': 0.1}
323.04%;-11.14%;19.96%;0.789;{'fcfy': 0.2, 'roic_wacc': 0.8}
322.68%;-11.50%;26.59%;-1.991;{'fcfy': 0.6, 'revenue_growth': 0.3, 'dividend_yield': 0.1}
322.63%;-11.55%;29.97%;-0.606;{'roe': 0.1, 'fcfy': 0.2, 'roic_wacc': 0.1, 'revenue_growth': 0.6}
321.46%;-12.71%;20.52%;0.059;{'roe': 0.2, 'fcfy': 0.3, 'dividend_yield': 0.5}
321.38%;-12.79%;26.86%;-1.848;{'fcfy': 0.6, 'revenue_growth': 0.4}
321.15%;-13.03%;25.57%;-1.837;{'roe': 0.1, 'fcfy': 0.4, 'roic_wacc': 0.2, 'revenue_growth': 0.3}
321.12%;-13.05%;23.38%;-1.041;{'fcfy': 0.3, 'roic_wacc': 0.2, 'revenue_growth': 0.4, 'dividend_yield': 0.1}
320.34%;-13.84%;28.25%;-0.684;{'fcfy': 0.5, 'dividend_yield': 0.5}
319.81%;-14.37%;18.04%;0.745;{'roe': 0.1, 'roic_wacc': 0.9}
319.79%;-14.39%;29.48%;-0.343;{'roe': 0.4, 'revenue_growth': 0.6}
319.64%;-14.53%;19.95%;0.225;{'roe': 0.2, 'fcfy': 0.1, 'roic_wacc': 0.6, 'revenue_growth': 0.1}
319.23%;-14.94%;19.99%;-0.431;{'roic_wacc': 0.6, 'revenue_growth': 0.1, 'dividend_yield': 0.3}
319.06%;-15.11%;22.58%;-1.733;{'roe': 0.3, 'fcfy': 0.4, 'revenue_growth': 0.2, 'dividend_yield': 0.1}
318.99%;-15.19%;27.66%;-1.673;{'roe': 0.1, 'fcfy': 0.4, 'roic_wacc': 0.1, 'revenue_growth': 0.4}
318.80%;-15.37%;20.12%;-0.684;{'roe': 0.4, 'fcfy': 0.1, 'roic_wacc': 0.1, 'revenue_growth': 0.1, 'dividend_yield': 0.3}
318.07%;-16.10%;32.46%;0.054;{'roe': 0.1, 'roic_wacc': 0.1, 'revenue_growth': 0.7, 'dividend_yield': 0.1}
317.85%;-16.32%;21.10%;-0.156;{'roe': 0.4, 'fcfy': 0.2, 'roic_wacc': 0.4}
317.79%;-16.39%;20.08%;0.107;{'roe': 0.1, 'fcfy': 0.1, 'roic_wacc': 0.7, 'revenue_growth': 0.1}
317.77%;-16.40%;31.42%;-0.238;{'fcfy': 0.1, 'roic_wacc': 0.1, 'revenue_growth': 0.6, 'dividend_yield': 0.2}
317.49%;-16.68%;21.65%;-0.059;{'roic_wacc': 0.5, 'revenue_growth': 0.4, 'dividend_yield': 0.1}
317.33%;-16.85%;27.09%;-0.4;{'roe': 0.1, 'fcfy': 0.3, 'revenue_growth': 0.5, 'dividend_yield': 0.1}
316.75%;-17.42%;25.22%;-1.847;{'fcfy': 0.6, 'roic_wacc': 0.1, 'revenue_growth': 0.3}
316.64%;-17.54%;19.70%;0.195;{'roe': 0.6, 'roic_wacc': 0.4}
316.56%;-17.61%;18.54%;-1.067;{'roe': 0.5, 'fcfy': 0.1, 'revenue_growth': 0.1, 'dividend_yield': 0.3}
316.39%;-17.78%;27.22%;-0.537;{'fcfy': 0.3, 'revenue_growth': 0.7}
316.15%;-18.03%;22.29%;0.078;{'roe': 0.1, 'fcfy': 0.1, 'roic_wacc': 0.4, 'revenue_growth': 0.3, 'dividend_yield': 0.1}
316.12%;-18.05%;30.21%;-2.133;{'roe': 0.1, 'fcfy': 0.7, 'roic_wacc': 0.1, 'dividend_yield': 0.1}
315.82%;-18.36%;25.68%;-1.225;{'fcfy': 0.4, 'roic_wacc': 0.1, 'revenue_growth': 0.5}
315.38%;-18.80%;20.78%;0.445;{'roic_wacc': 0.8, 'revenue_growth': 0.1, 'dividend_yield': 0.1}
315.37%;-18.80%;28.05%;-0.628;{'fcfy': 0.3, 'revenue_growth': 0.5, 'dividend_yield': 0.2}
315.30%;-18.88%;29.76%;-0.714;{'roe': 0.2, 'fcfy': 0.1, 'revenue_growth': 0.5, 'dividend_yield': 0.2}
315.27%;-18.90%;23.26%;-0.032;{'fcfy': 0.2, 'roic_wacc': 0.5, 'revenue_growth': 0.3}
314.96%;-19.21%;27.08%;-1.045;{'roe': 0.2, 'fcfy': 0.3, 'revenue_growth': 0.4, 'dividend_yield': 0.1}
314.84%;-19.34%;23.66%;-0.629;{'roe': 0.3, 'fcfy': 0.3, 'roic_wacc': 0.2, 'revenue_growth': 0.2}
314.81%;-19.37%;20.58%;-1.523;{'roe': 0.1, 'fcfy': 0.3, 'roic_wacc': 0.3, 'revenue_growth': 0.2, 'dividend_yield': 0.1}
314.66%;-19.51%;27.94%;-1.239;{'roe': 0.1, 'fcfy': 0.3, 'revenue_growth': 0.4, 'dividend_yield': 0.2}
314.32%;-19.85%;22.30%;-0.337;{'roe': 0.3, 'fcfy': 0.2, 'roic_wacc': 0.2, 'revenue_growth': 0.2, 'dividend_yield': 0.1}
313.90%;-20.28%;31.79%;-0.557;{'roe': 0.1, 'fcfy': 0.2, 'revenue_growth': 0.7}
313.78%;-20.39%;18.66%;-0.388;{'roe': 0.5, 'roic_wacc': 0.3, 'dividend_yield': 0.2}
313.77%;-20.40%;19.43%;-0.174;{'roe': 0.4, 'roic_wacc': 0.4, 'dividend_yield': 0.2}
313.59%;-20.58%;20.67%;-0.468;{'roe': 0.4, 'roic_wacc': 0.1, 'revenue_growth': 0.1, 'dividend_yield': 0.4}
313.55%;-20.62%;18.28%;0.357;{'roe': 0.2, 'fcfy': 0.1, 'roic_wacc': 0.7}
313.54%;-20.63%;19.70%;-0.251;{'roe': 0.5, 'fcfy': 0.2, 'roic_wacc': 0.1, 'revenue_growth': 0.1, 'dividend_yield': 0.1}
313.46%;-20.72%;20.05%;-0.516;{'roe': 0.4, 'roic_wacc': 0.5, 'dividend_yield': 0.1}
313.38%;-20.80%;21.03%;-0.453;{'roic_wacc': 0.6, 'revenue_growth': 0.2, 'dividend_yield': 0.2}
313.16%;-21.01%;29.17%;-0.237;{'fcfy': 0.2, 'roic_wacc': 0.1, 'revenue_growth': 0.6, 'dividend_yield': 0.1}
312.95%;-21.23%;21.81%;0.026;{'fcfy': 0.1, 'roic_wacc': 0.6, 'revenue_growth': 0.2, 'dividend_yield': 0.1}
312.78%;-21.39%;30.82%;-0.272;{'roe': 0.1, 'fcfy': 0.1, 'roic_wacc': 0.1, 'revenue_growth': 0.7}
312.52%;-21.65%;25.40%;-2.027;{'fcfy': 0.5, 'roic_wacc': 0.2, 'revenue_growth': 0.3}
312.22%;-21.95%;25.47%;-1.569;{'fcfy': 0.4, 'roic_wacc': 0.2, 'revenue_growth': 0.4}
312.19%;-21.99%;28.19%;-1.171;{'fcfy': 0.6, 'roic_wacc': 0.1, 'dividend_yield': 0.3}
312.17%;-22.01%;20.73%;-0.349;{'roe': 0.5, 'fcfy': 0.1, 'roic_wacc': 0.3, 'dividend_yield': 0.1}
311.81%;-22.36%;25.86%;-1.912;{'fcfy': 0.5, 'roic_wacc': 0.1, 'revenue_growth': 0.3, 'dividend_yield': 0.1}
311.40%;-22.78%;20.64%;-0.03;{'roe': 0.3, 'fcfy': 0.1, 'roic_wacc': 0.5, 'revenue_growth': 0.1}
311.35%;-22.83%;19.39%;0.259;{'roe': 0.3, 'fcfy': 0.2, 'roic_wacc': 0.5}
311.23%;-22.94%;22.98%;0.063;{'fcfy': 0.3, 'revenue_growth': 0.1, 'dividend_yield': 0.6}
311.21%;-22.97%;21.11%;-0.462;{'roe': 0.1, 'roic_wacc': 0.5, 'revenue_growth': 0.2, 'dividend_yield': 0.2}
311.01%;-23.17%;21.88%;0.086;{'fcfy': 0.2, 'roic_wacc': 0.5, 'revenue_growth': 0.2, 'dividend_yield': 0.1}
310.82%;-23.35%;23.87%;0.167;{'fcfy': 0.1, 'roic_wacc': 0.5, 'revenue_growth': 0.4}
310.48%;-23.70%;26.96%;-2.057;{'fcfy': 0.7, 'revenue_growth': 0.2, 'dividend_yield': 0.1}
310.38%;-23.79%;20.66%;-0.028;{'roe': 0.3, 'fcfy': 0.2, 'roic_wacc': 0.4, 'revenue_growth': 0.1}
310.19%;-23.99%;25.15%;-1.926;{'roe': 0.1, 'fcfy': 0.4, 'roic_wacc': 0.1, 'revenue_growth': 0.3, 'dividend_yield': 0.1}
310.10%;-24.07%;30.21%;0.363;{'roe': 0.1, 'roic_wacc': 0.2, 'revenue_growth': 0.7}
309.97%;-24.20%;28.01%;-0.516;{'roe': 0.5, 'revenue_growth': 0.5}
309.76%;-24.42%;19.51%;0.424;{'roe': 0.5, 'fcfy': 0.2, 'roic_wacc': 0.3}
309.71%;-24.46%;21.56%;-0.151;{'roe': 0.4, 'fcfy': 0.1, 'roic_wacc': 0.3, 'revenue_growth': 0.1, 'dividend_yield': 0.1}
309.61%;-24.56%;19.41%;-0.453;{'fcfy': 0.3, 'roic_wacc': 0.6, 'revenue_growth': 0.1}
309.49%;-24.69%;26.77%;-0.606;{'fcfy': 0.2, 'roic_wacc': 0.2, 'revenue_growth': 0.5, 'dividend_yield': 0.1}
309.43%;-24.75%;21.09%;-0.137;{'roic_wacc': 0.5, 'revenue_growth': 0.3, 'dividend_yield': 0.2}
309.40%;-24.77%;27.07%;-1.173;{'fcfy': 0.5, 'revenue_growth': 0.2, 'dividend_yield': 0.3}
309.14%;-25.04%;20.97%;-0.086;{'roic_wacc': 0.8, 'revenue_growth': 0.2}
309.09%;-25.08%;29.91%;-0.53;{'roe': 0.3, 'fcfy': 0.1, 'revenue_growth': 0.5, 'dividend_yield': 0.1}
309.07%;-25.10%;16.70%;-0.069;{'roe': 0.6, 'fcfy': 0.2, 'roic_wacc': 0.1, 'dividend_yield': 0.1}
308.99%;-25.19%;23.88%;-1.424;{'roe': 0.1, 'fcfy': 0.5, 'roic_wacc': 0.1, 'revenue_growth': 0.2, 'dividend_yield': 0.1}
308.94%;-25.24%;25.26%;-1.791;{'fcfy': 0.6, 'roic_wacc': 0.1, 'revenue_growth': 0.2, 'dividend_yield': 0.1}
308.77%;-25.41%;19.01%;-0.113;{'roe': 0.5, 'roic_wacc': 0.2, 'dividend_yield': 0.3}
308.19%;-25.99%;20.11%;-0.055;{'roe': 0.4, 'fcfy': 0.1, 'roic_wacc': 0.5}
307.99%;-26.19%;25.76%;-1.709;{'roe': 0.1, 'fcfy': 0.7, 'revenue_growth': 0.2}
307.78%;-26.40%;21.28%;-0.854;{'roe': 0.1, 'fcfy': 0.2, 'roic_wacc': 0.2, 'revenue_growth': 0.3, 'dividend_yield': 0.2}
307.67%;-26.51%;22.74%;0.02;{'roic_wacc': 0.6, 'revenue_growth': 0.4}
307.61%;-26.57%;30.57%;-0.408;{'roe': 0.3, 'fcfy': 0.1, 'revenue_growth': 0.6}
307.59%;-26.59%;22.01%;0.167;{'roic_wacc': 0.7, 'revenue_growth': 0.3}
307.52%;-26.65%;25.21%;-0.722;{'fcfy': 0.3, 'roic_wacc': 0.2, 'revenue_growth': 0.3, 'dividend_yield': 0.2}
307.43%;-26.75%;20.80%;0.239;{'roic_wacc': 0.9, 'revenue_growth': 0.1}
307.07%;-27.10%;19.83%;-0.123;{'roe': 0.3, 'roic_wacc': 0.2, 'dividend_yield': 0.5}
307.03%;-27.14%;23.11%;-0.984;{'roe': 0.2, 'fcfy': 0.3, 'roic_wacc': 0.2, 'revenue_growth': 0.3}
306.99%;-27.18%;21.91%;-0.918;{'roe': 0.1, 'fcfy': 0.3, 'roic_wacc': 0.3, 'revenue_growth': 0.3}
306.88%;-27.29%;25.04%;-1.118;{'roe': 0.2, 'fcfy': 0.2, 'roic_wacc': 0.1, 'revenue_growth': 0.3, 'dividend_yield': 0.2}
306.86%;-27.31%;23.68%;-0.684;{'roe': 0.1, 'fcfy': 0.5, 'dividend_yield': 0.4}
306.86%;-27.31%;18.56%;-0.217;{'roe': 0.6, 'roic_wacc': 0.3, 'dividend_yield': 0.1}
306.58%;-27.60%;22.89%;-0.651;{'fcfy': 0.4, 'revenue_growth': 0.1, 'dividend_yield': 0.5}
306.27%;-27.91%;20.24%;-0.447;{'roe': 0.6, 'roic_wacc': 0.2, 'dividend_yield': 0.2}
306.11%;-28.06%;20.16%;0.693;{'roe': 0.1, 'fcfy': 0.2, 'roic_wacc': 0.7}
305.69%;-28.49%;22.87%;-1.538;{'roe': 0.2, 'fcfy': 0.4, 'roic_wacc': 0.2, 'revenue_growth': 0.2}
305.68%;-28.49%;21.90%;-0.028;{'roe': 0.1, 'fcfy': 0.1, 'roic_wacc': 0.5, 'revenue_growth': 0.2, 'dividend_yield': 0.1}
305.56%;-28.61%;22.04%;-0.134;{'roe': 0.1, 'roic_wacc': 0.4, 'revenue_growth': 0.3, 'dividend_yield': 0.2}
305.26%;-28.91%;26.68%;-1.608;{'roe': 0.1, 'fcfy': 0.4, 'revenue_growth': 0.4, 'dividend_yield': 0.1}
305.26%;-28.92%;21.52%;0.286;{'roe': 0.4, 'fcfy': 0.2, 'roic_wacc': 0.2, 'revenue_growth': 0.1, 'dividend_yield': 0.1}
304.91%;-29.27%;29.09%;-1.242;{'roe': 0.2, 'fcfy': 0.2, 'revenue_growth': 0.4, 'dividend_yield': 0.2}
304.82%;-29.36%;22.55%;0.136;{'roe': 0.1, 'roic_wacc': 0.6, 'revenue_growth': 0.3}
304.60%;-29.57%;25.74%;-1.454;{'roe': 0.1, 'fcfy': 0.5, 'revenue_growth': 0.2, 'dividend_yield': 0.2}
304.06%;-30.11%;26.00%;-1.809;{'roe': 0.1, 'fcfy': 0.5, 'revenue_growth': 0.4}
304.05%;-30.12%;18.84%;-0.801;{'roe': 0.3, 'fcfy': 0.1, 'roic_wacc': 0.2, 'dividend_yield': 0.4}
304.05%;-30.13%;30.14%;-0.508;{'roe': 0.3, 'revenue_growth': 0.5, 'dividend_yield': 0.2}
303.82%;-30.35%;25.03%;-1.569;{'roe': 0.2, 'fcfy': 0.4, 'roic_wacc': 0.1, 'revenue_growth': 0.3}
303.66%;-30.51%;22.28%;-0.073;{'roe': 0.1, 'roic_wacc': 0.5, 'revenue_growth': 0.3, 'dividend_yield': 0.1}
303.55%;-30.62%;23.21%;-0.572;{'roe': 0.2, 'fcfy': 0.4, 'dividend_yield': 0.4}
303.52%;-30.65%;29.96%;-1.975;{'roe': 0.1, 'fcfy': 0.8, 'dividend_yield': 0.1}
303.35%;-30.83%;19.18%;-0.457;{'roe': 0.4, 'fcfy': 0.3, 'dividend_yield': 0.3}
303.21%;-30.97%;19.92%;-0.15;{'roe': 0.3, 'fcfy': 0.3, 'dividend_yield': 0.4}
302.64%;-31.53%;23.26%;0.269;{'fcfy': 0.1, 'roic_wacc': 0.4, 'revenue_growth': 0.4, 'dividend_yield': 0.1}
302.17%;-32.00%;19.86%;-0.853;{'roe': 0.4, 'fcfy': 0.3, 'revenue_growth': 0.1, 'dividend_yield': 0.2}
302.07%;-32.11%;21.44%;-0.03;{'fcfy': 0.3, 'roic_wacc': 0.1, 'dividend_yield': 0.6}
301.79%;-32.38%;26.57%;-1.146;{'roe': 0.3, 'fcfy': 0.3, 'revenue_growth': 0.3, 'dividend_yield': 0.1}
301.78%;-32.40%;19.09%;-0.441;{'roe': 0.7, 'fcfy': 0.1, 'revenue_growth': 0.1, 'dividend_yield': 0.1}
301.47%;-32.71%;25.71%;-1.754;{'roe': 0.1, 'fcfy': 0.5, 'roic_wacc': 0.1, 'revenue_growth': 0.3}
301.43%;-32.74%;25.53%;-1.847;{'roe': 0.1, 'fcfy': 0.6, 'revenue_growth': 0.3}
301.42%;-32.75%;17.85%;-0.361;{'roe': 0.5, 'fcfy': 0.2, 'roic_wacc': 0.2, 'dividend_yield': 0.1}
301.26%;-32.92%;20.42%;0.321;{'roe': 0.1, 'roic_wacc': 0.8, 'revenue_growth': 0.1}
301.19%;-32.98%;27.12%;-0.654;{'roe': 0.3, 'fcfy': 0.3, 'revenue_growth': 0.4}
300.57%;-33.61%;29.31%;-1.536;{'roe': 0.1, 'fcfy': 0.7, 'roic_wacc': 0.1, 'revenue_growth': 0.1}
300.56%;-33.62%;19.91%;-0.05;{'roe': 0.2, 'roic_wacc': 0.3, 'dividend_yield': 0.5}
299.94%;-34.24%;19.42%;-0.453;{'roe': 0.4, 'roic_wacc': 0.3, 'dividend_yield': 0.3}
299.90%;-34.27%;19.87%;0.029;{'roe': 0.1, 'roic_wacc': 0.7, 'revenue_growth': 0.1, 'dividend_yield': 0.1}
299.69%;-34.48%;26.62%;-1.751;{'roe': 0.1, 'fcfy': 0.4, 'revenue_growth': 0.3, 'dividend_yield': 0.2}
299.54%;-34.64%;26.20%;-1.852;{'fcfy': 0.4, 'roic_wacc': 0.1, 'revenue_growth': 0.3, 'dividend_yield': 0.2}
299.29%;-34.89%;34.04%;-0.286;{'revenue_growth': 0.6, 'dividend_yield': 0.4}
299.19%;-34.98%;16.66%;-0.296;{'roe': 0.7, 'fcfy': 0.1, 'dividend_yield': 0.2}
299.03%;-35.15%;20.81%;-0.134;{'roe': 0.2, 'roic_wacc': 0.6, 'revenue_growth': 0.2}
298.68%;-35.49%;19.77%;-0.019;{'fcfy': 0.2, 'roic_wacc': 0.6, 'revenue_growth': 0.1, 'dividend_yield': 0.1}
298.26%;-35.91%;28.67%;0.126;{'roe': 0.3, 'revenue_growth': 0.7}
298.18%;-35.99%;21.01%;-0.679;{'roe': 0.4, 'fcfy': 0.1, 'roic_wacc': 0.3, 'dividend_yield': 0.2}
297.23%;-36.94%;26.33%;-1.172;{'roe': 0.2, 'fcfy': 0.3, 'roic_wacc': 0.1, 'revenue_growth': 0.3, 'dividend_yield': 0.1}
296.95%;-37.23%;25.33%;0.027;{'roic_wacc': 0.4, 'revenue_growth': 0.6}
296.29%;-37.88%;20.09%;-1.657;{'roe': 0.4, 'fcfy': 0.4, 'revenue_growth': 0.1, 'dividend_yield': 0.1}
296.08%;-38.10%;26.05%;-1.601;{'roe': 0.3, 'fcfy': 0.4, 'revenue_growth': 0.3}
296.01%;-38.17%;20.37%;-0.13;{'fcfy': 0.1, 'roic_wacc': 0.6, 'revenue_growth': 0.1, 'dividend_yield': 0.2}
295.93%;-38.25%;18.45%;-0.895;{'roe': 0.4, 'roic_wacc': 0.1, 'dividend_yield': 0.5}
295.67%;-38.50%;23.48%;-0.617;{'fcfy': 0.2, 'revenue_growth': 0.1, 'dividend_yield': 0.7}
295.24%;-38.94%;19.89%;-0.167;{'roe': 0.5, 'roic_wacc': 0.2, 'revenue_growth': 0.1, 'dividend_yield': 0.2}
295.09%;-39.09%;22.02%;0.071;{'roic_wacc': 0.6, 'revenue_growth': 0.3, 'dividend_yield': 0.1}
295.08%;-39.10%;19.28%;0.584;{'roe': 0.1, 'fcfy': 0.1, 'roic_wacc': 0.8}
294.91%;-39.26%;24.63%;-1.885;{'roe': 0.2, 'fcfy': 0.5, 'roic_wacc': 0.1, 'revenue_growth': 0.2}
294.90%;-39.27%;29.35%;-0.408;{'roe': 0.3, 'roic_wacc': 0.1, 'revenue_growth': 0.6}
294.80%;-39.38%;23.29%;-0.638;{'roe': 0.1, 'fcfy': 0.4, 'dividend_yield': 0.5}
294.71%;-39.46%;19.32%;0.418;{'roe': 0.1, 'fcfy': 0.1, 'roic_wacc': 0.7, 'dividend_yield': 0.1}
294.70%;-39.48%;27.19%;-1.119;{'fcfy': 0.3, 'roic_wacc': 0.1, 'revenue_growth': 0.3, 'dividend_yield': 0.3}
294.69%;-39.49%;19.38%;-1.109;{'roe': 0.3, 'roic_wacc': 0.2, 'revenue_growth': 0.1, 'dividend_yield': 0.4}
294.45%;-39.73%;31.43%;-1.99;{'fcfy': 0.8, 'roic_wacc': 0.2}
294.33%;-39.84%;22.87%;-1.393;{'roe': 0.2, 'fcfy': 0.3, 'revenue_growth': 0.2, 'dividend_yield': 0.3}
294.19%;-39.98%;20.48%;-0.075;{'fcfy': 0.3, 'roic_wacc': 0.5, 'revenue_growth': 0.2}
294.13%;-40.05%;24.18%;-2.113;{'roe': 0.2, 'fcfy': 0.4, 'revenue_growth': 0.3, 'dividend_yield': 0.1}
293.97%;-40.20%;19.24%;0.124;{'roe': 0.2, 'roic_wacc': 0.2, 'dividend_yield': 0.6}
293.89%;-40.28%;19.78%;-0.318;{'roe': 0.4, 'roic_wacc': 0.2, 'revenue_growth': 0.1, 'dividend_yield': 0.3}
293.77%;-40.40%;19.52%;-0.543;{'roe': 0.3, 'fcfy': 0.1, 'roic_wacc': 0.5, 'dividend_yield': 0.1}
293.65%;-40.52%;24.08%;-1.062;{'roe': 0.3, 'fcfy': 0.3, 'roic_wacc': 0.1, 'revenue_growth': 0.3}
293.50%;-40.67%;28.76%;-0.346;{'roe': 0.4, 'revenue_growth': 0.5, 'dividend_yield': 0.1}
293.41%;-40.77%;20.75%;0.162;{'roic_wacc': 0.4, 'revenue_growth': 0.3, 'dividend_yield': 0.3}
293.33%;-40.85%;17.49%;0.128;{'roic_wacc': 0.7, 'dividend_yield': 0.3}
292.81%;-41.37%;24.81%;-1.987;{'roe': 0.3, 'fcfy': 0.5, 'revenue_growth': 0.2}
292.75%;-41.42%;21.62%;0.272;{'fcfy': 0.1, 'roic_wacc': 0.5, 'revenue_growth': 0.2, 'dividend_yield': 0.2}
292.74%;-41.43%;19.18%;-1.764;{'roe': 0.5, 'fcfy': 0.3, 'dividend_yield': 0.2}
292.55%;-41.63%;23.95%;-1.502;{'fcfy': 0.4, 'roic_wacc': 0.3, 'revenue_growth': 0.3}
292.45%;-41.73%;23.63%;0.044;{'fcfy': 0.4, 'dividend_yield': 0.6}
292.44%;-41.73%;24.63%;-1.001;{'fcfy': 0.3, 'roic_wacc': 0.1, 'revenue_growth': 0.4, 'dividend_yield': 0.2}
292.31%;-41.87%;26.68%;-2.111;{'fcfy': 0.7, 'revenue_growth': 0.3}
292.10%;-42.08%;25.64%;-1.045;{'fcfy': 0.3, 'revenue_growth': 0.2, 'dividend_yield': 0.5}
291.80%;-42.37%;24.13%;-0.331;{'roe': 0.4, 'revenue_growth': 0.2, 'dividend_yield': 0.4}
291.70%;-42.48%;20.52%;-0.539;{'roe': 0.5, 'roic_wacc': 0.1, 'revenue_growth': 0.1, 'dividend_yield': 0.3}
291.44%;-42.73%;20.45%;-0.137;{'roe': 0.1, 'roic_wacc': 0.7, 'revenue_growth': 0.2}
291.21%;-42.97%;19.44%;-0.023;{'roe': 0.4, 'roic_wacc': 0.6}
291.03%;-43.15%;21.62%;0.148;{'roe': 0.3, 'fcfy': 0.1, 'roic_wacc': 0.4, 'revenue_growth': 0.2}
291.03%;-43.15%;23.90%;-0.374;{'fcfy': 0.1, 'roic_wacc': 0.4, 'revenue_growth': 0.5}
290.94%;-43.24%;23.55%;-0.8;{'roe': 0.1, 'fcfy': 0.2, 'roic_wacc': 0.2, 'revenue_growth': 0.4, 'dividend_yield': 0.1}
290.78%;-43.40%;24.40%;-1.733;{'roe': 0.1, 'fcfy': 0.5, 'roic_wacc': 0.2, 'revenue_growth': 0.2}
290.75%;-43.42%;18.05%;0.265;{'roe': 0.6, 'fcfy': 0.2, 'roic_wacc': 0.2}
290.74%;-43.43%;21.60%;-0.843;{'roe': 0.2, 'fcfy': 0.2, 'roic_wacc': 0.3, 'revenue_growth': 0.2, 'dividend_yield': 0.1}
290.42%;-43.75%;20.23%;-0.496;{'roe': 0.3, 'fcfy': 0.1, 'roic_wacc': 0.3, 'revenue_growth': 0.1, 'dividend_yield': 0.2}
290.38%;-43.80%;30.06%;-0.367;{'fcfy': 0.1, 'roic_wacc': 0.2, 'revenue_growth': 0.6, 'dividend_yield': 0.1}
290.34%;-43.84%;20.61%;-0.022;{'roe': 0.1, 'fcfy': 0.1, 'roic_wacc': 0.5, 'revenue_growth': 0.1, 'dividend_yield': 0.2}
290.10%;-44.07%;21.61%;-1.858;{'roe': 0.1, 'fcfy': 0.4, 'roic_wacc': 0.3, 'revenue_growth': 0.2}
289.61%;-44.56%;23.07%;-1.732;{'roe': 0.2, 'fcfy': 0.4, 'roic_wacc': 0.1, 'revenue_growth': 0.2, 'dividend_yield': 0.1}
289.27%;-44.91%;22.25%;-0.113;{'roe': 0.1, 'roic_wacc': 0.4, 'revenue_growth': 0.4, 'dividend_yield': 0.1}
289.14%;-45.03%;19.59%;0.088;{'roe': 0.3, 'roic_wacc': 0.6, 'dividend_yield': 0.1}
288.86%;-45.31%;24.04%;-1.177;{'fcfy': 0.4, 'roic_wacc': 0.3, 'revenue_growth': 0.2, 'dividend_yield': 0.1}
288.85%;-45.32%;30.72%;-0.645;{'roe': 0.2, 'fcfy': 0.1, 'roic_wacc': 0.1, 'revenue_growth': 0.6}
288.85%;-45.33%;21.29%;-0.223;{'roe': 0.4, 'fcfy': 0.2, 'roic_wacc': 0.3, 'revenue_growth': 0.1}
288.53%;-45.65%;20.10%;0.04;{'roe': 0.1, 'fcfy': 0.2, 'roic_wacc': 0.5, 'revenue_growth': 0.1, 'dividend_yield': 0.1}
288.34%;-45.83%;23.88%;0.456;{'fcfy': 0.2, 'roic_wacc': 0.4, 'revenue_growth': 0.3, 'dividend_yield': 0.1}
288.28%;-45.90%;23.25%;-1.657;{'roe': 0.2, 'fcfy': 0.4, 'revenue_growth': 0.2, 'dividend_yield': 0.2}
288.26%;-45.92%;27.71%;-0.98;{'fcfy': 0.2, 'revenue_growth': 0.4, 'dividend_yield': 0.4}
288.20%;-45.98%;24.16%;-0.075;{'roe': 0.1, 'roic_wacc': 0.4, 'revenue_growth': 0.5}
288.10%;-46.08%;19.04%;0.144;{'roe': 0.5, 'roic_wacc': 0.5}
288.04%;-46.13%;29.31%;-0.613;{'fcfy': 0.2, 'roic_wacc': 0.1, 'revenue_growth': 0.7}
288.03%;-46.14%;27.17%;-1.953;{'roe': 0.1, 'fcfy': 0.7, 'roic_wacc': 0.2}
287.83%;-46.35%;17.18%;-0.905;{'roe': 0.1, 'roic_wacc': 0.5, 'dividend_yield': 0.4}
287.58%;-46.59%;19.58%;0.017;{'roe': 0.7, 'fcfy': 0.1, 'roic_wacc': 0.2}
287.57%;-46.60%;17.69%;-0.659;{'roe': 0.2, 'roic_wacc': 0.5, 'dividend_yield': 0.3}
287.14%;-47.03%;22.71%;-1.709;{'roe': 0.4, 'fcfy': 0.4, 'revenue_growth': 0.2}
286.99%;-47.19%;19.18%;-0.476;{'roe': 0.4, 'roic_wacc': 0.2, 'dividend_yield': 0.4}
286.44%;-47.74%;19.85%;-0.046;{'roe': 0.1, 'fcfy': 0.1, 'roic_wacc': 0.6, 'dividend_yield': 0.2}
286.24%;-47.93%;29.23%;-0.367;{'roe': 0.1, 'fcfy': 0.1, 'roic_wacc': 0.2, 'revenue_growth': 0.6}
286.21%;-47.96%;26.72%;-1.776;{'fcfy': 0.7, 'roic_wacc': 0.1, 'revenue_growth': 0.2}
286.18%;-48.00%;18.23%;-1.125;{'roe': 0.4, 'fcfy': 0.1, 'roic_wacc': 0.1, 'dividend_yield': 0.4}
286.16%;-48.02%;19.97%;-0.856;{'roe': 0.3, 'roic_wacc': 0.1, 'revenue_growth': 0.1, 'dividend_yield': 0.5}
286.04%;-48.13%;22.01%;-0.478;{'roe': 0.1, 'fcfy': 0.3, 'roic_wacc': 0.1, 'revenue_growth': 0.1, 'dividend_yield': 0.4}
286.01%;-48.16%;18.03%;-0.467;{'roe': 0.6, 'dividend_yield': 0.4}
285.75%;-48.43%;25.54%;-1.748;{'fcfy': 0.4, 'roic_wacc': 0.1, 'revenue_growth': 0.4, 'dividend_yield': 0.1}
285.68%;-48.50%;23.58%;-0.31;{'roe': 0.1, 'fcfy': 0.1, 'roic_wacc': 0.4, 'revenue_growth': 0.4}
285.63%;-48.54%;26.91%;-0.606;{'roe': 0.1, 'fcfy': 0.2, 'roic_wacc': 0.1, 'revenue_growth': 0.5, 'dividend_yield': 0.1}
285.45%;-48.73%;21.31%;-0.11;{'roe': 0.6, 'fcfy': 0.2, 'roic_wacc': 0.1, 'revenue_growth': 0.1}
285.39%;-48.79%;21.76%;-0.146;{'fcfy': 0.3, 'roic_wacc': 0.4, 'revenue_growth': 0.3}
285.29%;-48.89%;18.80%;-0.375;{'roe': 0.3, 'roic_wacc': 0.1, 'dividend_yield': 0.6}
285.24%;-48.94%;31.41%;-0.543;{'roe': 0.1, 'fcfy': 0.1, 'revenue_growth': 0.5, 'dividend_yield': 0.3}
285.07%;-49.11%;20.87%;-0.765;{'roe': 0.4, 'fcfy': 0.1, 'roic_wacc': 0.2, 'revenue_growth': 0.1, 'dividend_yield': 0.2}
285.02%;-49.16%;18.39%;-1.07;{'roe': 0.4, 'fcfy': 0.1, 'roic_wacc': 0.2, 'dividend_yield': 0.3}
284.96%;-49.22%;25.87%;-1.27;{'roe': 0.2, 'fcfy': 0.3, 'revenue_growth': 0.3, 'dividend_yield': 0.2}
284.91%;-49.26%;18.32%;-1.112;{'roe': 0.5, 'fcfy': 0.2, 'revenue_growth': 0.1, 'dividend_yield': 0.2}
284.70%;-49.47%;22.62%;-0.63;{'roe': 0.1, 'fcfy': 0.2, 'revenue_growth': 0.1, 'dividend_yield': 0.6}
284.67%;-49.51%;26.56%;-1.663;{'roe': 0.2, 'fcfy': 0.4, 'revenue_growth': 0.4}
284.60%;-49.58%;19.89%;-0.044;{'roe': 0.6, 'fcfy': 0.1, 'roic_wacc': 0.3}
284.59%;-49.58%;24.77%;-1.04;{'roe': 0.1, 'fcfy': 0.4, 'revenue_growth': 0.2, 'dividend_yield': 0.3}
284.50%;-49.68%;27.02%;-1.705;{'fcfy': 0.5, 'revenue_growth': 0.4, 'dividend_yield': 0.1}
284.27%;-49.91%;25.83%;-1.232;{'roe': 0.1, 'fcfy': 0.3, 'revenue_growth': 0.2, 'dividend_yield': 0.4}
284.19%;-49.99%;28.49%;-0.641;{'roe': 0.3, 'roic_wacc': 0.2, 'revenue_growth': 0.5}
284.14%;-50.03%;20.78%;-1.195;{'roe': 0.2, 'fcfy': 0.2, 'revenue_growth': 0.1, 'dividend_yield': 0.5}
284.14%;-50.04%;21.76%;-0.221;{'roe': 0.5, 'fcfy': 0.1, 'roic_wacc': 0.2, 'revenue_growth': 0.1, 'dividend_yield': 0.1}
283.92%;-50.26%;22.81%;-1.014;{'fcfy': 0.2, 'roic_wacc': 0.3, 'revenue_growth': 0.3, 'dividend_yield': 0.2}
283.91%;-50.26%;27.20%;-0.787;{'roe': 0.1, 'fcfy': 0.1, 'revenue_growth': 0.4, 'dividend_yield': 0.4}
283.87%;-50.30%;25.51%;-0.075;{'roe': 0.1, 'roic_wacc': 0.3, 'revenue_growth': 0.5, 'dividend_yield': 0.1}
283.57%;-50.61%;21.91%;-0.142;{'fcfy': 0.2, 'roic_wacc': 0.1, 'dividend_yield': 0.7}
283.51%;-50.67%;20.30%;-0.489;{'roe': 0.3, 'fcfy': 0.4, 'dividend_yield': 0.3}
283.45%;-50.73%;21.46%;-0.861;{'roe': 0.4, 'fcfy': 0.3, 'revenue_growth': 0.2, 'dividend_yield': 0.1}
283.21%;-50.96%;26.38%;-1.912;{'roe': 0.1, 'fcfy': 0.5, 'revenue_growth': 0.3, 'dividend_yield': 0.1}
282.84%;-51.33%;26.79%;-0.674;{'roe': 0.1, 'fcfy': 0.2, 'roic_wacc': 0.2, 'revenue_growth': 0.5}
282.84%;-51.34%;20.52%;-0.836;{'roe': 0.2, 'fcfy': 0.1, 'roic_wacc': 0.4, 'revenue_growth': 0.1, 'dividend_yield': 0.2}
282.66%;-51.51%;26.73%;-0.701;{'fcfy': 0.3, 'roic_wacc': 0.1, 'revenue_growth': 0.6}
282.41%;-51.77%;16.26%;-0.89;{'roe': 0.7, 'fcfy': 0.2, 'dividend_yield': 0.1}
282.32%;-51.85%;21.08%;-1;{'roe': 0.1, 'fcfy': 0.3, 'roic_wacc': 0.1, 'dividend_yield': 0.5}
282.28%;-51.90%;20.06%;-0.389;{'roe': 0.5, 'roic_wacc': 0.3, 'revenue_growth': 0.1, 'dividend_yield': 0.1}
282.18%;-52.00%;21.59%;-0.749;{'fcfy': 0.3, 'roic_wacc': 0.4, 'revenue_growth': 0.2, 'dividend_yield': 0.1}
282.15%;-52.02%;19.16%;-0.546;{'roe': 0.3, 'roic_wacc': 0.5, 'dividend_yield': 0.2}
282.06%;-52.11%;23.46%;-0.179;{'fcfy': 0.2, 'revenue_growth': 0.3, 'dividend_yield': 0.5}
281.95%;-52.22%;23.25%;-0.604;{'roe': 0.1, 'fcfy': 0.2, 'roic_wacc': 0.3, 'revenue_growth': 0.3, 'dividend_yield': 0.1}
281.92%;-52.25%;25.83%;-1.501;{'roe': 0.1, 'fcfy': 0.6, 'revenue_growth': 0.1, 'dividend_yield': 0.2}
281.86%;-52.32%;18.43%;0.38;{'roic_wacc': 0.8, 'dividend_yield': 0.2}
281.61%;-52.56%;25.62%;-1.755;{'fcfy': 0.5, 'revenue_growth': 0.3, 'dividend_yield': 0.2}
281.54%;-52.64%;19.76%;-0.735;{'roe': 0.2, 'roic_wacc': 0.1, 'revenue_growth': 0.1, 'dividend_yield': 0.6}
281.50%;-52.67%;23.63%;-0.604;{'roe': 0.1, 'fcfy': 0.2, 'roic_wacc': 0.4, 'revenue_growth': 0.3}
281.48%;-52.69%;18.29%;-1.125;{'roe': 0.5, 'fcfy': 0.2, 'dividend_yield': 0.3}
281.37%;-52.80%;18.34%;-0.692;{'roe': 0.7, 'fcfy': 0.2, 'roic_wacc': 0.1}
281.33%;-52.85%;31.25%;-0.358;{'roe': 0.1, 'roic_wacc': 0.1, 'revenue_growth': 0.6, 'dividend_yield': 0.2}
281.30%;-52.87%;20.34%;-0.277;{'roe': 0.1, 'fcfy': 0.3, 'roic_wacc': 0.5, 'revenue_growth': 0.1}
281.26%;-52.92%;18.60%;-0.662;{'roe': 0.2, 'fcfy': 0.1, 'roic_wacc': 0.2, 'dividend_yield': 0.5}
280.93%;-53.25%;19.57%;-0.244;{'roe': 0.2, 'roic_wacc': 0.6, 'revenue_growth': 0.1, 'dividend_yield': 0.1}
280.91%;-53.26%;24.24%;-0.526;{'fcfy': 0.1, 'roic_wacc': 0.3, 'revenue_growth': 0.5, 'dividend_yield': 0.1}
280.79%;-53.38%;23.02%;0.078;{'roe': 0.2, 'roic_wacc': 0.5, 'revenue_growth': 0.3}
280.62%;-53.55%;27.91%;-0.618;{'roe': 0.1, 'fcfy': 0.2, 'revenue_growth': 0.5, 'dividend_yield': 0.2}
280.58%;-53.60%;22.44%;0.019;{'roe': 0.1, 'fcfy': 0.2, 'dividend_yield': 0.7}
280.49%;-53.68%;21.64%;0.059;{'roe': 0.5, 'fcfy': 0.1, 'roic_wacc': 0.3, 'revenue_growth': 0.1}
280.46%;-53.71%;24.22%;-0.461;{'fcfy': 0.2, 'roic_wacc': 0.4, 'revenue_growth': 0.4}
280.41%;-53.76%;19.52%;-0.801;{'roe': 0.3, 'fcfy': 0.2, 'roic_wacc': 0.1, 'dividend_yield': 0.4}
280.39%;-53.79%;21.61%;-0.75;{'fcfy': 0.4, 'roic_wacc': 0.1, 'dividend_yield': 0.5}
280.33%;-53.85%;19.43%;0.584;{'fcfy': 0.1, 'roic_wacc': 0.8, 'dividend_yield': 0.1}
280.22%;-53.96%;22.90%;-0.029;{'roic_wacc': 0.4, 'revenue_growth': 0.5, 'dividend_yield': 0.1}
279.99%;-54.19%;24.52%;-1.173;{'roe': 0.1, 'fcfy': 0.5, 'revenue_growth': 0.1, 'dividend_yield': 0.3}
279.97%;-54.20%;27.05%;-0.419;{'fcfy': 0.3, 'revenue_growth': 0.6, 'dividend_yield': 0.1}
279.69%;-54.49%;18.96%;0.111;{'roe': 0.2, 'roic_wacc': 0.7, 'dividend_yield': 0.1}
279.58%;-54.59%;31.90%;-0.41;{'roe': 0.1, 'fcfy': 0.2, 'revenue_growth': 0.6, 'dividend_yield': 0.1}
279.57%;-54.61%;22.75%;0.212;{'fcfy': 0.1, 'roic_wacc': 0.3, 'revenue_growth': 0.4, 'dividend_yield': 0.2}
279.51%;-54.66%;29.59%;-0.408;{'roe': 0.2, 'roic_wacc': 0.1, 'revenue_growth': 0.7}
279.48%;-54.69%;21.46%;-0.244;{'roe': 0.2, 'fcfy': 0.2, 'dividend_yield': 0.6}
279.48%;-54.70%;27.95%;-1.554;{'roe': 0.1, 'fcfy': 0.3, 'revenue_growth': 0.3, 'dividend_yield': 0.3}
279.45%;-54.72%;22.70%;-0.036;{'fcfy': 0.2, 'dividend_yield': 0.8}
279.43%;-54.75%;23.44%;-0.95;{'roe': 0.2, 'fcfy': 0.2, 'roic_wacc': 0.2, 'revenue_growth': 0.4}
279.41%;-54.77%;18.57%;-0.56;{'roe': 0.4, 'fcfy': 0.3, 'roic_wacc': 0.1, 'dividend_yield': 0.2}
279.30%;-54.87%;20.65%;0.007;{'roe': 0.5, 'fcfy': 0.1, 'roic_wacc': 0.4}
279.17%;-55.01%;23.14%;-0.113;{'roe': 0.1, 'roic_wacc': 0.5, 'revenue_growth': 0.4}
279.06%;-55.11%;26.15%;-0.748;{'roe': 0.2, 'roic_wacc': 0.3, 'revenue_growth': 0.5}
278.90%;-55.28%;23.55%;-1.657;{'roe': 0.1, 'fcfy': 0.4, 'roic_wacc': 0.1, 'revenue_growth': 0.2, 'dividend_yield': 0.2}
278.80%;-55.38%;24.03%;-0.147;{'roe': 0.3, 'revenue_growth': 0.2, 'dividend_yield': 0.5}
278.64%;-55.54%;26.67%;-0.499;{'fcfy': 0.1, 'roic_wacc': 0.2, 'revenue_growth': 0.5, 'dividend_yield': 0.2}
278.11%;-56.07%;19.19%;-0.12;{'roe': 0.4, 'fcfy': 0.2, 'roic_wacc': 0.1, 'revenue_growth': 0.1, 'dividend_yield': 0.2}
277.97%;-56.20%;19.77%;-0.373;{'roe': 0.5, 'revenue_growth': 0.1, 'dividend_yield': 0.4}
277.81%;-56.36%;21.81%;-0.194;{'roe': 0.3, 'fcfy': 0.1, 'roic_wacc': 0.3, 'revenue_growth': 0.2, 'dividend_yield': 0.1}
277.75%;-56.42%;32.74%;-0.643;{'roe': 0.2, 'fcfy': 0.2, 'revenue_growth': 0.6}
277.67%;-56.50%;27.99%;-1.723;{'fcfy': 0.4, 'revenue_growth': 0.4, 'dividend_yield': 0.2}
277.60%;-56.57%;18.97%;0.035;{'roe': 0.8, 'fcfy': 0.1, 'roic_wacc': 0.1}
277.56%;-56.61%;23.01%;-0.938;{'roe': 0.1, 'fcfy': 0.4, 'roic_wacc': 0.1, 'dividend_yield': 0.4}
277.44%;-56.73%;22.88%;0.019;{'roe': 0.1, 'fcfy': 0.3, 'dividend_yield': 0.6}
277.38%;-56.80%;19.43%;0.932;{'fcfy': 0.1, 'roic_wacc': 0.9}
276.95%;-57.22%;24.23%;-0.537;{'fcfy': 0.2, 'roic_wacc': 0.3, 'revenue_growth': 0.4, 'dividend_yield': 0.1}
276.71%;-57.47%;20.30%;-0.265;{'roe': 0.7, 'roic_wacc': 0.2, 'dividend_yield': 0.1}
276.70%;-57.48%;25.10%;-0.722;{'roe': 0.1, 'fcfy': 0.3, 'roic_wacc': 0.1, 'revenue_growth': 0.3, 'dividend_yield': 0.2}
276.64%;-57.53%;22.65%;-0.032;{'roe': 0.2, 'fcfy': 0.1, 'dividend_yield': 0.7}
276.63%;-57.54%;22.68%;-0.042;{'roe': 0.2, 'roic_wacc': 0.4, 'revenue_growth': 0.3, 'dividend_yield': 0.1}
276.37%;-57.81%;21.81%;-0.961;{'roe': 0.3, 'fcfy': 0.3, 'revenue_growth': 0.2, 'dividend_yield': 0.2}
276.37%;-57.81%;19.89%;-0.458;{'roe': 0.4, 'roic_wacc': 0.4, 'revenue_growth': 0.1, 'dividend_yield': 0.1}
276.15%;-58.02%;23.45%;-1.054;{'roe': 0.2, 'fcfy': 0.2, 'roic_wacc': 0.2, 'revenue_growth': 0.2, 'dividend_yield': 0.2}
276.06%;-58.12%;18.39%;0.064;{'roe': 0.6, 'roic_wacc': 0.1, 'dividend_yield': 0.3}
275.87%;-58.31%;18.38%;-0.375;{'roe': 0.4, 'dividend_yield': 0.6}
275.60%;-58.57%;24.40%;-0.677;{'fcfy': 0.4, 'roic_wacc': 0.1, 'revenue_growth': 0.1, 'dividend_yield': 0.4}
275.58%;-58.60%;18.87%;-1.055;{'roe': 0.2, 'roic_wacc': 0.3, 'revenue_growth': 0.1, 'dividend_yield': 0.4}
275.49%;-58.68%;20.42%;-0.175;{'roe': 0.8, 'roic_wacc': 0.2}
275.23%;-58.94%;20.32%;-0.568;{'roe': 0.2, 'roic_wacc': 0.1, 'revenue_growth': 0.2, 'dividend_yield': 0.5}
275.11%;-59.06%;27.07%;-0.686;{'roe': 0.3, 'revenue_growth': 0.4, 'dividend_yield': 0.3}
274.90%;-59.28%;25.96%;-1.926;{'fcfy': 0.4, 'roic_wacc': 0.2, 'revenue_growth': 0.3, 'dividend_yield': 0.1}
274.70%;-59.48%;18.07%;-0.729;{'roe': 0.1, 'fcfy': 0.1, 'roic_wacc': 0.3, 'dividend_yield': 0.5}
274.42%;-59.76%;21.08%;-1.716;{'roe': 0.5, 'fcfy': 0.4, 'revenue_growth': 0.1}
274.35%;-59.82%;18.15%;0.234;{'fcfy': 0.1, 'roic_wacc': 0.7, 'dividend_yield': 0.2}
274.29%;-59.89%;19.88%;-1.23;{'roe': 0.1, 'roic_wacc': 0.5, 'revenue_growth': 0.1, 'dividend_yield': 0.3}
274.01%;-60.16%;30.55%;-0.495;{'roe': 0.2, 'roic_wacc': 0.1, 'revenue_growth': 0.6, 'dividend_yield': 0.1}
273.76%;-60.42%;22.49%;-1.732;{'roe': 0.3, 'fcfy': 0.4, 'roic_wacc': 0.1, 'revenue_growth': 0.2}
273.47%;-60.71%;30.94%;-0.536;{'roe': 0.1, 'roic_wacc': 0.2, 'revenue_growth': 0.6, 'dividend_yield': 0.1}
273.40%;-60.78%;24.92%;-1.507;{'fcfy': 0.5, 'roic_wacc': 0.2, 'revenue_growth': 0.2, 'dividend_yield': 0.1}
273.38%;-60.79%;22.91%;-1;{'roe': 0.1, 'fcfy': 0.3, 'revenue_growth': 0.1, 'dividend_yield': 0.5}
273.19%;-60.98%;18.67%;0.382;{'roe': 0.9, 'fcfy': 0.1}
273.17%;-61.00%;19.21%;-0.856;{'roe': 0.3, 'revenue_growth': 0.1, 'dividend_yield': 0.6}
273.03%;-61.14%;22.27%;-0.633;{'fcfy': 0.1, 'roic_wacc': 0.1, 'revenue_growth': 0.1, 'dividend_yield': 0.7}
272.90%;-61.27%;20.78%;-0.131;{'roe': 0.2, 'fcfy': 0.1, 'roic_wacc': 0.4, 'revenue_growth': 0.2, 'dividend_yield': 0.1}
272.72%;-61.46%;22.85%;-0.314;{'roe': 0.2, 'fcfy': 0.5, 'dividend_yield': 0.3}
272.57%;-61.61%;21.91%;-1.471;{'roe': 0.2, 'fcfy': 0.3, 'roic_wacc': 0.3, 'revenue_growth': 0.2}
272.49%;-61.69%;18.76%;-1.125;{'roe': 0.4, 'fcfy': 0.2, 'dividend_yield': 0.4}
272.48%;-61.70%;23.97%;-0.435;{'fcfy': 0.2, 'revenue_growth': 0.2, 'dividend_yield': 0.6}
272.42%;-61.76%;21.95%;-0.213;{'roe': 0.8, 'revenue_growth': 0.1, 'dividend_yield': 0.1}
272.41%;-61.77%;19.46%;-0.167;{'roe': 0.6, 'roic_wacc': 0.2, 'revenue_growth': 0.1, 'dividend_yield': 0.1}
272.38%;-61.80%;26.34%;-1.704;{'roe': 0.2, 'fcfy': 0.5, 'revenue_growth': 0.3}
272.35%;-61.82%;18.63%;-0.645;{'roe': 0.3, 'fcfy': 0.1, 'roic_wacc': 0.1, 'dividend_yield': 0.5}
272.35%;-61.83%;18.79%;0.374;{'roe': 0.1, 'roic_wacc': 0.8, 'dividend_yield': 0.1}
272.31%;-61.87%;19.93%;0.065;{'roe': 0.1, 'roic_wacc': 0.3, 'dividend_yield': 0.6}
272.28%;-61.90%;19.50%;-0.28;{'roe': 0.1, 'fcfy': 0.3, 'roic_wacc': 0.6}
272.24%;-61.94%;23.59%;-2.028;{'roe': 0.2, 'fcfy': 0.5, 'revenue_growth': 0.1, 'dividend_yield': 0.2}
271.82%;-62.35%;19.80%;-0.309;{'roe': 0.4, 'fcfy': 0.1, 'roic_wacc': 0.4, 'dividend_yield': 0.1}
271.81%;-62.36%;23.22%;-0.036;{'fcfy': 0.3, 'dividend_yield': 0.7}
271.76%;-62.42%;21.97%;-1.123;{'fcfy': 0.4, 'roic_wacc': 0.4, 'revenue_growth': 0.2}
271.68%;-62.50%;21.47%;-0.3;{'roe': 0.1, 'fcfy': 0.1, 'roic_wacc': 0.1, 'dividend_yield': 0.7}
271.62%;-62.56%;25.06%;-1.436;{'roe': 0.2, 'fcfy': 0.6, 'revenue_growth': 0.1, 'dividend_yield': 0.1}
271.35%;-62.82%;23.68%;-1.161;{'roe': 0.2, 'fcfy': 0.6, 'dividend_yield': 0.2}
271.18%;-63.00%;33.26%;-0.335;{'roe': 0.2, 'fcfy': 0.1, 'revenue_growth': 0.6, 'dividend_yield': 0.1}
270.95%;-63.23%;20.83%;-0.969;{'roe': 0.3, 'roic_wacc': 0.4, 'revenue_growth': 0.1, 'dividend_yield': 0.2}
270.84%;-63.34%;27.05%;-0.682;{'roe': 0.6, 'revenue_growth': 0.4}
270.42%;-63.76%;20.19%;-1.012;{'roe': 0.3, 'fcfy': 0.4, 'revenue_growth': 0.1, 'dividend_yield': 0.2}
270.27%;-63.91%;19.97%;-0.892;{'roe': 0.3, 'roic_wacc': 0.3, 'dividend_yield': 0.4}
270.17%;-64.01%;19.29%;-0.375;{'roe': 0.6, 'roic_wacc': 0.3, 'revenue_growth': 0.1}
270.17%;-64.01%;21.60%;0.206;{'fcfy': 0.1, 'roic_wacc': 0.4, 'revenue_growth': 0.3, 'dividend_yield': 0.2}
270.03%;-64.15%;23.00%;-0.113;{'roe': 0.1, 'roic_wacc': 0.3, 'revenue_growth': 0.4, 'dividend_yield': 0.2}
270.02%;-64.15%;20.90%;-1.257;{'roe': 0.2, 'fcfy': 0.1, 'roic_wacc': 0.3, 'revenue_growth': 0.1, 'dividend_yield': 0.3}
270.01%;-64.17%;25.89%;-0.269;{'roe': 0.2, 'roic_wacc': 0.2, 'revenue_growth': 0.4, 'dividend_yield': 0.2}
269.97%;-64.20%;23.20%;-0.348;{'fcfy': 0.3, 'roic_wacc': 0.3, 'revenue_growth': 0.4}
269.85%;-64.32%;18.20%;-0.595;{'roic_wacc': 0.6, 'dividend_yield': 0.4}
269.53%;-64.65%;20.61%;-0.273;{'roe': 0.7, 'revenue_growth': 0.1, 'dividend_yield': 0.2}
269.52%;-64.66%;18.36%;-0.636;{'roe': 0.2, 'roic_wacc': 0.6, 'dividend_yield': 0.2}
269.49%;-64.69%;27.37%;-0.73;{'roe': 0.2, 'fcfy': 0.1, 'revenue_growth': 0.4, 'dividend_yield': 0.3}
269.43%;-64.74%;28.15%;-0.276;{'fcfy': 0.1, 'roic_wacc': 0.1, 'revenue_growth': 0.5, 'dividend_yield': 0.3}
269.42%;-64.76%;27.96%;-0.911;{'roe': 0.5, 'fcfy': 0.2, 'revenue_growth': 0.3}
269.32%;-64.86%;23.43%;-0.219;{'fcfy': 0.1, 'revenue_growth': 0.3, 'dividend_yield': 0.6}
269.10%;-65.07%;22.29%;-0.039;{'roe': 0.9, 'revenue_growth': 0.1}
269.09%;-65.09%;20.57%;-0.439;{'roe': 0.2, 'roic_wacc': 0.5, 'revenue_growth': 0.2, 'dividend_yield': 0.1}
268.96%;-65.22%;22.84%;-0.791;{'roe': 0.7, 'fcfy': 0.1, 'revenue_growth': 0.2}
268.86%;-65.32%;26.55%;-0.752;{'roe': 0.2, 'roic_wacc': 0.1, 'revenue_growth': 0.4, 'dividend_yield': 0.3}
268.72%;-65.46%;18.43%;-0.36;{'fcfy': 0.3, 'roic_wacc': 0.7}
268.65%;-65.53%;20.63%;-0.307;{'roe': 0.2, 'fcfy': 0.3, 'roic_wacc': 0.1, 'dividend_yield': 0.4}
268.62%;-65.56%;25.87%;-0.374;{'fcfy': 0.2, 'roic_wacc': 0.3, 'revenue_growth': 0.5}
268.55%;-65.63%;19.31%;-0.998;{'roe': 0.3, 'fcfy': 0.1, 'revenue_growth': 0.2, 'dividend_yield': 0.4}
268.52%;-65.65%;22.06%;0.347;{'roic_wacc': 0.3, 'revenue_growth': 0.4, 'dividend_yield': 0.3}
268.51%;-65.67%;24.49%;-0.913;{'roe': 0.6, 'fcfy': 0.1, 'revenue_growth': 0.2, 'dividend_yield': 0.1}
268.45%;-65.73%;26.58%;-0.545;{'fcfy': 0.1, 'roic_wacc': 0.3, 'revenue_growth': 0.6}
268.17%;-66.00%;18.96%;-1.59;{'roe': 0.5, 'fcfy': 0.1, 'dividend_yield': 0.4}
268.15%;-66.02%;22.90%;-0.796;{'roe': 0.2, 'fcfy': 0.2, 'roic_wacc': 0.2, 'revenue_growth': 0.3, 'dividend_yield': 0.1}
268.15%;-66.03%;19.54%;-0.983;{'roe': 0.4, 'fcfy': 0.2, 'revenue_growth': 0.1, 'dividend_yield': 0.3}
268.05%;-66.13%;21.23%;-0.556;{'fcfy': 0.1, 'roic_wacc': 0.3, 'revenue_growth': 0.3, 'dividend_yield': 0.3}
267.99%;-66.18%;26.38%;-0.87;{'roe': 0.1, 'fcfy': 0.3, 'roic_wacc': 0.1, 'revenue_growth': 0.5}
267.95%;-66.22%;20.63%;-0.63;{'roe': 0.1, 'fcfy': 0.2, 'roic_wacc': 0.2, 'dividend_yield': 0.5}
267.76%;-66.41%;19.57%;-0.961;{'roe': 0.5, 'fcfy': 0.3, 'revenue_growth': 0.1, 'dividend_yield': 0.1}
267.66%;-66.52%;22.08%;-0.643;{'roe': 0.6, 'fcfy': 0.2, 'revenue_growth': 0.2}
267.54%;-66.64%;21.21%;-0.779;{'roe': 0.2, 'fcfy': 0.1, 'roic_wacc': 0.3, 'revenue_growth': 0.2, 'dividend_yield': 0.2}
267.47%;-66.71%;27.15%;-0.643;{'roe': 0.3, 'roic_wacc': 0.1, 'revenue_growth': 0.4, 'dividend_yield': 0.2}
267.38%;-66.80%;25.24%;-0.787;{'fcfy': 0.1, 'roic_wacc': 0.1, 'revenue_growth': 0.4, 'dividend_yield': 0.4}
267.37%;-66.80%;22.31%;-1.077;{'roe': 0.2, 'fcfy': 0.3, 'roic_wacc': 0.2, 'revenue_growth': 0.2, 'dividend_yield': 0.1}
267.29%;-66.88%;26.40%;-0.556;{'fcfy': 0.2, 'roic_wacc': 0.1, 'revenue_growth': 0.5, 'dividend_yield': 0.2}
267.19%;-66.99%;19.07%;-0.776;{'roe': 0.4, 'fcfy': 0.1, 'dividend_yield': 0.5}
267.13%;-67.04%;25.24%;-1.781;{'roe': 0.2, 'fcfy': 0.6, 'revenue_growth': 0.2}
266.86%;-67.31%;24.71%;-1.235;{'roe': 0.1, 'fcfy': 0.2, 'revenue_growth': 0.3, 'dividend_yield': 0.4}
266.77%;-67.40%;19.69%;-0.453;{'roic_wacc': 0.5, 'revenue_growth': 0.2, 'dividend_yield': 0.3}
266.47%;-67.71%;19.67%;-0.521;{'roe': 0.2, 'fcfy': 0.1, 'revenue_growth': 0.1, 'dividend_yield': 0.6}
266.47%;-67.71%;19.07%;-0.624;{'fcfy': 0.1, 'roic_wacc': 0.5, 'revenue_growth': 0.1, 'dividend_yield': 0.3}
266.44%;-67.73%;19.77%;-0.903;{'roe': 0.2, 'roic_wacc': 0.1, 'dividend_yield': 0.7}
266.30%;-67.87%;19.94%;-1.004;{'roe': 0.3, 'fcfy': 0.3, 'roic_wacc': 0.1, 'dividend_yield': 0.3}
266.24%;-67.94%;21.69%;0.162;{'roe': 0.2, 'fcfy': 0.1, 'roic_wacc': 0.5, 'revenue_growth': 0.2}
266.22%;-67.95%;19.60%;-0.969;{'roe': 0.2, 'roic_wacc': 0.5, 'revenue_growth': 0.1, 'dividend_yield': 0.2}
265.92%;-68.25%;21.11%;-0.249;{'roe': 0.3, 'fcfy': 0.2, 'roic_wacc': 0.3, 'revenue_growth': 0.1, 'dividend_yield': 0.1}
265.90%;-68.27%;19.52%;-0.663;{'roe': 0.2, 'fcfy': 0.2, 'roic_wacc': 0.1, 'dividend_yield': 0.5}
265.49%;-68.69%;24.57%;-1.084;{'fcfy': 0.5, 'roic_wacc': 0.3, 'revenue_growth': 0.2}
265.33%;-68.85%;19.91%;-1.546;{'roe': 0.3, 'fcfy': 0.3, 'revenue_growth': 0.1, 'dividend_yield': 0.3}
265.26%;-68.91%;18.84%;-0.396;{'roe': 0.6, 'fcfy': 0.3, 'roic_wacc': 0.1}
265.02%;-69.16%;17.40%;-0.721;{'roe': 0.5, 'roic_wacc': 0.1, 'dividend_yield': 0.4}
264.87%;-69.31%;27.76%;-0.748;{'roe': 0.2, 'fcfy': 0.1, 'roic_wacc': 0.2, 'revenue_growth': 0.5}
264.75%;-69.42%;17.43%;-0.692;{'roe': 0.8, 'fcfy': 0.2}
264.52%;-69.66%;19.31%;-0.107;{'roic_wacc': 0.3, 'dividend_yield': 0.7}
264.50%;-69.68%;23.17%;-0.534;{'roe': 0.5, 'roic_wacc': 0.1, 'revenue_growth': 0.2, 'dividend_yield': 0.2}
263.89%;-70.28%;24.55%;-0.477;{'fcfy': 0.1, 'revenue_growth': 0.2, 'dividend_yield': 0.7}
263.68%;-70.49%;23.07%;-0.315;{'roe': 0.5, 'fcfy': 0.3, 'revenue_growth': 0.2}
263.67%;-70.51%;20.89%;-1.262;{'roe': 0.3, 'fcfy': 0.1, 'roic_wacc': 0.4, 'dividend_yield': 0.2}
263.64%;-70.54%;19.79%;-0.57;{'roe': 0.3, 'roic_wacc': 0.3, 'revenue_growth': 0.1, 'dividend_yield': 0.3}
263.57%;-70.61%;24.62%;-1.095;{'roe': 0.4, 'fcfy': 0.3, 'revenue_growth': 0.3}
263.51%;-70.67%;21.67%;-0.382;{'fcfy': 0.2, 'roic_wacc': 0.1, 'revenue_growth': 0.1, 'dividend_yield': 0.6}
263.47%;-70.71%;23.69%;-0.68;{'fcfy': 0.1, 'roic_wacc': 0.2, 'revenue_growth': 0.4, 'dividend_yield': 0.3}
263.43%;-70.74%;24.45%;-0.068;{'roic_wacc': 0.2, 'revenue_growth': 0.4, 'dividend_yield': 0.4}
263.36%;-70.82%;28.66%;-0.847;{'roe': 0.3, 'fcfy': 0.1, 'revenue_growth': 0.4, 'dividend_yield': 0.2}
263.31%;-70.87%;26.26%;-1.208;{'roe': 0.3, 'fcfy': 0.2, 'revenue_growth': 0.3, 'dividend_yield': 0.2}
263.09%;-71.09%;19.66%;-0.658;{'roe': 0.2, 'roic_wacc': 0.4, 'dividend_yield': 0.4}
262.96%;-71.21%;18.18%;-0.186;{'roe': 0.1, 'fcfy': 0.2, 'roic_wacc': 0.6, 'dividend_yield': 0.1}
262.83%;-71.34%;24.26%;-0.834;{'fcfy': 0.1, 'revenue_growth': 0.4, 'dividend_yield': 0.5}
262.62%;-71.55%;20.47%;0.111;{'roe': 0.3, 'roic_wacc': 0.7}
262.57%;-71.60%;27.99%;-0.777;{'roe': 0.2, 'fcfy': 0.2, 'roic_wacc': 0.1, 'revenue_growth': 0.5}
262.53%;-71.65%;22.63%;0.078;{'roe': 0.2, 'fcfy': 0.1, 'roic_wacc': 0.4, 'revenue_growth': 0.3}
262.43%;-71.75%;18.46%;-0.801;{'roe': 0.3, 'fcfy': 0.2, 'roic_wacc': 0.2, 'dividend_yield': 0.3}
262.32%;-71.85%;19.65%;-0.521;{'roe': 0.3, 'fcfy': 0.1, 'dividend_yield': 0.6}
262.26%;-71.92%;26.58%;-0.958;{'roe': 0.2, 'fcfy': 0.3, 'roic_wacc': 0.1, 'revenue_growth': 0.4}
262.10%;-72.07%;19.91%;-0.889;{'roe': 0.3, 'fcfy': 0.2, 'dividend_yield': 0.5}
262.08%;-72.10%;17.57%;-0.437;{'roe': 0.7, 'dividend_yield': 0.3}
262.03%;-72.14%;21.34%;-0.147;{'roe': 0.3, 'roic_wacc': 0.4, 'revenue_growth': 0.2, 'dividend_yield': 0.1}
261.63%;-72.54%;19.43%;-0.389;{'roe': 0.6, 'fcfy': 0.3, 'revenue_growth': 0.1}
261.63%;-72.54%;22.06%;-0.468;{'roe': 0.4, 'fcfy': 0.1, 'roic_wacc': 0.3, 'revenue_growth': 0.2}
261.32%;-72.86%;19.73%;-0.898;{'roe': 0.4, 'fcfy': 0.3, 'roic_wacc': 0.2, 'revenue_growth': 0.1}
261.26%;-72.92%;23.00%;-1.459;{'roe': 0.4, 'fcfy': 0.6}
261.08%;-73.09%;23.62%;-1.171;{'fcfy': 0.5, 'roic_wacc': 0.1, 'revenue_growth': 0.1, 'dividend_yield': 0.3}
261.05%;-73.13%;21.11%;-1.637;{'roe': 0.3, 'fcfy': 0.4, 'roic_wacc': 0.1, 'revenue_growth': 0.1, 'dividend_yield': 0.1}
261.00%;-73.18%;30.23%;-0.768;{'roe': 0.1, 'fcfy': 0.1, 'roic_wacc': 0.1, 'revenue_growth': 0.5, 'dividend_yield': 0.2}
260.93%;-73.24%;19.94%;-0.327;{'roe': 0.3, 'roic_wacc': 0.5, 'revenue_growth': 0.1, 'dividend_yield': 0.1}
260.92%;-73.26%;20.08%;-0.175;{'roe': 0.7, 'roic_wacc': 0.3}
260.85%;-73.33%;16.42%;0.132;{'roe': 0.8, 'fcfy': 0.1, 'dividend_yield': 0.1}
260.85%;-73.33%;26.25%;-2.103;{'fcfy': 0.5, 'roic_wacc': 0.1, 'revenue_growth': 0.2, 'dividend_yield': 0.2}
260.84%;-73.34%;18.44%;-0.335;{'roe': 0.4, 'fcfy': 0.2, 'roic_wacc': 0.3, 'dividend_yield': 0.1}
260.75%;-73.43%;22.52%;-0.457;{'roe': 0.1, 'fcfy': 0.1, 'revenue_growth': 0.1, 'dividend_yield': 0.7}
260.73%;-73.44%;20.83%;-1.471;{'roe': 0.1, 'fcfy': 0.3, 'roic_wacc': 0.4, 'revenue_growth': 0.2}
260.54%;-73.64%;21.80%;-1.601;{'fcfy': 0.4, 'roic_wacc': 0.3, 'dividend_yield': 0.3}
260.45%;-73.73%;24.37%;-0.622;{'roe': 0.1, 'fcfy': 0.1, 'roic_wacc': 0.3, 'revenue_growth': 0.5}
260.33%;-73.85%;18.98%;-0.665;{'roe': 0.2, 'fcfy': 0.1, 'roic_wacc': 0.3, 'dividend_yield': 0.4}
260.30%;-73.87%;24.45%;-0.674;{'fcfy': 0.3, 'roic_wacc': 0.1, 'revenue_growth': 0.5, 'dividend_yield': 0.1}
260.08%;-74.09%;21.86%;-0.333;{'roe': 0.5, 'fcfy': 0.2, 'roic_wacc': 0.2, 'revenue_growth': 0.1}
260.07%;-74.10%;21.64%;-0.41;{'roe': 0.1, 'fcfy': 0.2, 'roic_wacc': 0.1, 'dividend_yield': 0.6}
260.00%;-74.17%;28.83%;-0.605;{'roe': 0.1, 'fcfy': 0.3, 'revenue_growth': 0.6}
259.95%;-74.22%;19.86%;-0.761;{'roe': 0.6, 'fcfy': 0.1, 'roic_wacc': 0.1, 'revenue_growth': 0.1, 'dividend_yield': 0.1}
259.93%;-74.24%;28.83%;-0.55;{'roe': 0.2, 'roic_wacc': 0.2, 'revenue_growth': 0.5, 'dividend_yield': 0.1}
259.86%;-74.32%;22.19%;-0.094;{'roe': 0.1, 'fcfy': 0.1, 'roic_wacc': 0.3, 'revenue_growth': 0.3, 'dividend_yield': 0.2}
259.25%;-74.93%;31.56%;-0.736;{'roe': 0.2, 'fcfy': 0.2, 'revenue_growth': 0.5, 'dividend_yield': 0.1}
259.16%;-75.01%;19.80%;-0.877;{'roe': 0.1, 'fcfy': 0.2, 'roic_wacc': 0.3, 'dividend_yield': 0.4}
259.05%;-75.13%;18.40%;-1.071;{'roe': 0.2, 'fcfy': 0.2, 'roic_wacc': 0.3, 'dividend_yield': 0.3}
258.91%;-75.26%;20.52%;-0.206;{'fcfy': 0.4, 'roic_wacc': 0.5, 'revenue_growth': 0.1}
258.88%;-75.30%;22.51%;-0.617;{'fcfy': 0.1, 'revenue_growth': 0.1, 'dividend_yield': 0.8}
258.84%;-75.33%;18.86%;-0.493;{'roe': 0.5, 'fcfy': 0.3, 'roic_wacc': 0.1, 'dividend_yield': 0.1}
258.46%;-75.71%;21.62%;-0.41;{'fcfy': 0.2, 'roic_wacc': 0.2, 'dividend_yield': 0.6}
258.19%;-75.99%;22.29%;-1.001;{'roe': 0.3, 'fcfy': 0.3, 'roic_wacc': 0.1, 'revenue_growth': 0.2, 'dividend_yield': 0.1}
258.08%;-76.09%;20.12%;-1.318;{'roe': 0.3, 'fcfy': 0.2, 'revenue_growth': 0.1, 'dividend_yield': 0.4}
258.06%;-76.12%;21.42%;-0.2;{'roe': 0.4, 'roic_wacc': 0.5, 'revenue_growth': 0.1}
258.04%;-76.14%;18.66%;0.403;{'roic_wacc': 0.9, 'dividend_yield': 0.1}
257.75%;-76.43%;23.70%;-0.631;{'fcfy': 0.2, 'roic_wacc': 0.2, 'revenue_growth': 0.4, 'dividend_yield': 0.2}
257.48%;-76.69%;18.98%;0.35;{'roe': 0.1, 'roic_wacc': 0.7, 'dividend_yield': 0.2}
257.45%;-76.72%;21.14%;-0.941;{'roe': 0.2, 'fcfy': 0.3, 'roic_wacc': 0.1, 'revenue_growth': 0.2, 'dividend_yield': 0.2}
257.37%;-76.81%;26.95%;-0.242;{'roic_wacc': 0.3, 'revenue_growth': 0.6, 'dividend_yield': 0.1}
257.36%;-76.81%;17.63%;-0.238;{'roe': 0.1, 'roic_wacc': 0.6, 'dividend_yield': 0.3}
257.35%;-76.82%;19.68%;-0.369;{'roe': 0.2, 'fcfy': 0.3, 'roic_wacc': 0.3, 'dividend_yield': 0.2}
257.33%;-76.84%;24.57%;-0.812;{'roe': 0.4, 'fcfy': 0.2, 'roic_wacc': 0.1, 'revenue_growth': 0.3}
256.83%;-77.34%;25.66%;-1.736;{'roe': 0.1, 'fcfy': 0.6, 'roic_wacc': 0.1, 'revenue_growth': 0.1, 'dividend_yield': 0.1}
256.79%;-77.39%;23.96%;-0.106;{'roic_wacc': 0.3, 'revenue_growth': 0.5, 'dividend_yield': 0.2}
256.77%;-77.40%;18.87%;0.102;{'fcfy': 0.2, 'roic_wacc': 0.7, 'dividend_yield': 0.1}
256.72%;-77.46%;16.91%;-0.748;{'roic_wacc': 0.5, 'dividend_yield': 0.5}
256.69%;-77.48%;19.02%;0.161;{'roe': 0.2, 'fcfy': 0.1, 'roic_wacc': 0.1, 'dividend_yield': 0.6}
256.62%;-77.55%;17.88%;-0.8;{'roe': 0.6, 'fcfy': 0.2, 'revenue_growth': 0.1, 'dividend_yield': 0.1}
256.32%;-77.85%;16.06%;-1.171;{'roe': 0.6, 'fcfy': 0.2, 'dividend_yield': 0.2}
256.25%;-77.93%;27.91%;-0.472;{'roe': 0.2, 'roic_wacc': 0.1, 'revenue_growth': 0.5, 'dividend_yield': 0.2}
256.10%;-78.08%;23.14%;-0.934;{'revenue_growth': 0.2, 'dividend_yield': 0.8}
255.97%;-78.20%;24.15%;-0.767;{'fcfy': 0.5, 'roic_wacc': 0.1, 'dividend_yield': 0.4}
255.69%;-78.48%;19.93%;-1.092;{'roe': 0.2, 'fcfy': 0.3, 'roic_wacc': 0.4, 'revenue_growth': 0.1}
255.50%;-78.68%;24.34%;-1.314;{'roe': 0.5, 'fcfy': 0.1, 'revenue_growth': 0.2, 'dividend_yield': 0.2}
255.46%;-78.71%;23.06%;-0.149;{'roe': 0.2, 'roic_wacc': 0.4, 'revenue_growth': 0.4}
255.34%;-78.83%;20.24%;-1.367;{'roe': 0.2, 'roic_wacc': 0.4, 'revenue_growth': 0.1, 'dividend_yield': 0.3}
255.11%;-79.06%;28.20%;-0.779;{'roe': 0.4, 'revenue_growth': 0.4, 'dividend_yield': 0.2}
255.05%;-79.12%;28.82%;-1.057;{'roe': 0.4, 'fcfy': 0.2, 'revenue_growth': 0.4}
254.90%;-79.28%;26.75%;-0.82;{'roe': 0.2, 'fcfy': 0.1, 'roic_wacc': 0.1, 'revenue_growth': 0.4, 'dividend_yield': 0.2}
254.73%;-79.45%;23.37%;-0.762;{'roe': 0.1, 'fcfy': 0.1, 'revenue_growth': 0.3, 'dividend_yield': 0.5}
254.66%;-79.52%;28.67%;-0.646;{'roe': 0.1, 'roic_wacc': 0.2, 'revenue_growth': 0.5, 'dividend_yield': 0.2}
254.55%;-79.62%;24.21%;-1.294;{'fcfy': 0.2, 'roic_wacc': 0.1, 'revenue_growth': 0.3, 'dividend_yield': 0.4}
254.53%;-79.65%;21.66%;-0.443;{'roe': 0.1, 'fcfy': 0.2, 'roic_wacc': 0.1, 'revenue_growth': 0.1, 'dividend_yield': 0.5}
254.40%;-79.78%;21.17%;-0.789;{'roe': 0.1, 'fcfy': 0.3, 'roic_wacc': 0.2, 'revenue_growth': 0.2, 'dividend_yield': 0.2}
254.26%;-79.92%;20.94%;-0.844;{'roe': 0.5, 'fcfy': 0.4, 'dividend_yield': 0.1}
254.12%;-80.06%;20.87%;-1.086;{'roe': 0.3, 'fcfy': 0.1, 'roic_wacc': 0.2, 'revenue_growth': 0.1, 'dividend_yield': 0.3}
254.10%;-80.08%;21.42%;-0.13;{'roe': 0.1, 'fcfy': 0.1, 'roic_wacc': 0.4, 'revenue_growth': 0.2, 'dividend_yield': 0.2}
253.98%;-80.20%;19.28%;-0.801;{'roe': 0.2, 'fcfy': 0.2, 'roic_wacc': 0.2, 'dividend_yield': 0.4}
253.91%;-80.27%;19.16%;-0.863;{'roe': 0.5, 'fcfy': 0.3, 'roic_wacc': 0.1, 'revenue_growth': 0.1}
253.88%;-80.29%;19.06%;-0.803;{'roe': 0.8, 'fcfy': 0.1, 'revenue_growth': 0.1}
253.86%;-80.32%;22.29%;-0.644;{'roe': 0.4, 'fcfy': 0.2, 'roic_wacc': 0.2, 'revenue_growth': 0.2}
253.84%;-80.33%;27.68%;-0.703;{'roe': 0.4, 'roic_wacc': 0.1, 'revenue_growth': 0.4, 'dividend_yield': 0.1}
253.67%;-80.51%;23.15%;-0.604;{'roe': 0.2, 'fcfy': 0.2, 'roic_wacc': 0.3, 'revenue_growth': 0.3}
253.61%;-80.57%;26.82%;-0.703;{'roe': 0.5, 'roic_wacc': 0.1, 'revenue_growth': 0.4}
253.48%;-80.69%;22.22%;-0.219;{'roe': 0.4, 'fcfy': 0.2, 'roic_wacc': 0.1, 'revenue_growth': 0.2, 'dividend_yield': 0.1}
253.48%;-80.70%;17.84%;-0.678;{'roe': 0.6, 'fcfy': 0.1, 'dividend_yield': 0.3}
253.46%;-80.71%;20.81%;-0.59;{'fcfy': 0.1, 'roic_wacc': 0.4, 'revenue_growth': 0.2, 'dividend_yield': 0.3}
253.44%;-80.74%;19.93%;-0.8;{'roe': 0.4, 'fcfy': 0.3, 'roic_wacc': 0.3}
253.41%;-80.77%;19.26%;-0.898;{'roe': 0.6, 'fcfy': 0.1, 'revenue_growth': 0.1, 'dividend_yield': 0.2}
253.30%;-80.88%;22.10%;-0.71;{'roe': 0.5, 'fcfy': 0.2, 'roic_wacc': 0.1, 'revenue_growth': 0.2}
252.96%;-81.22%;20.16%;-0.46;{'roe': 0.1, 'roic_wacc': 0.2, 'revenue_growth': 0.1, 'dividend_yield': 0.6}
252.95%;-81.22%;19.94%;-0.171;{'roe': 0.5, 'roic_wacc': 0.4, 'revenue_growth': 0.1}
252.85%;-81.32%;27.37%;-0.872;{'roe': 0.2, 'fcfy': 0.3, 'revenue_growth': 0.5}
252.84%;-81.33%;18.15%;-0.495;{'roe': 0.5, 'fcfy': 0.2, 'roic_wacc': 0.1, 'dividend_yield': 0.2}
252.53%;-81.64%;21.66%;-1.359;{'roe': 0.3, 'fcfy': 0.5, 'revenue_growth': 0.1, 'dividend_yield': 0.1}
252.52%;-81.66%;24.27%;-1.799;{'fcfy': 0.7, 'roic_wacc': 0.2, 'revenue_growth': 0.1}
252.51%;-81.67%;23.39%;-0.436;{'fcfy': 0.3, 'roic_wacc': 0.3, 'revenue_growth': 0.3, 'dividend_yield': 0.1}
252.01%;-82.17%;22.99%;-1.464;{'fcfy': 0.3, 'roic_wacc': 0.2, 'revenue_growth': 0.2, 'dividend_yield': 0.3}
251.94%;-82.24%;20.40%;-1.375;{'roe': 0.3, 'dividend_yield': 0.7}
251.92%;-82.26%;23.73%;-1.041;{'roe': 0.2, 'revenue_growth': 0.2, 'dividend_yield': 0.6}
251.75%;-82.42%;23.84%;-1;{'fcfy': 0.3, 'roic_wacc': 0.1, 'revenue_growth': 0.1, 'dividend_yield': 0.5}
251.71%;-82.47%;26.82%;-0.706;{'roe': 0.2, 'revenue_growth': 0.4, 'dividend_yield': 0.4}
251.45%;-82.73%;23.25%;-0.796;{'roe': 0.3, 'fcfy': 0.2, 'roic_wacc': 0.2, 'revenue_growth': 0.3}
251.45%;-82.73%;30.23%;-0.712;{'roe': 0.4, 'fcfy': 0.1, 'revenue_growth': 0.5}
251.40%;-82.77%;21.84%;-1.527;{'roe': 0.4, 'fcfy': 0.1, 'revenue_growth': 0.2, 'dividend_yield': 0.3}
251.40%;-82.78%;22.76%;-1.716;{'roe': 0.4, 'fcfy': 0.5, 'revenue_growth': 0.1}
251.34%;-82.84%;28.85%;-0.684;{'roe': 0.4, 'fcfy': 0.2, 'revenue_growth': 0.3, 'dividend_yield': 0.1}
251.22%;-82.96%;19.76%;-0.64;{'roe': 0.2, 'fcfy': 0.2, 'roic_wacc': 0.5, 'dividend_yield': 0.1}
251.21%;-82.96%;24.47%;-0.784;{'roe': 0.1, 'fcfy': 0.1, 'roic_wacc': 0.1, 'revenue_growth': 0.4, 'dividend_yield': 0.3}
251.12%;-83.06%;30.30%;-0.647;{'roe': 0.2, 'roic_wacc': 0.2, 'revenue_growth': 0.6}
251.08%;-83.10%;19.74%;-0.36;{'fcfy': 0.1, 'roic_wacc': 0.4, 'dividend_yield': 0.5}
251.02%;-83.15%;29.60%;-0.761;{'roe': 0.3, 'fcfy': 0.1, 'roic_wacc': 0.1, 'revenue_growth': 0.5}
250.89%;-83.28%;19.06%;-1.601;{'roe': 0.3, 'fcfy': 0.3, 'roic_wacc': 0.3, 'revenue_growth': 0.1}
250.86%;-83.31%;20.05%;-0.172;{'fcfy': 0.2, 'roic_wacc': 0.4, 'dividend_yield': 0.4}
250.58%;-83.59%;19.73%;-0.79;{'roe': 0.2, 'fcfy': 0.1, 'revenue_growth': 0.2, 'dividend_yield': 0.5}
250.46%;-83.72%;20.12%;-0.333;{'roe': 0.9, 'roic_wacc': 0.1}
250.24%;-83.93%;19.45%;-0.074;{'fcfy': 0.1, 'roic_wacc': 0.2, 'revenue_growth': 0.1, 'dividend_yield': 0.6}
250.14%;-84.03%;22.74%;-1.046;{'roe': 0.2, 'fcfy': 0.1, 'revenue_growth': 0.3, 'dividend_yield': 0.4}
249.87%;-84.31%;20.01%;-1.886;{'roe': 0.6, 'fcfy': 0.4}
249.86%;-84.32%;19.98%;-0.539;{'roe': 0.4, 'fcfy': 0.3, 'roic_wacc': 0.2, 'dividend_yield': 0.1}
249.70%;-84.47%;26.11%;-0.427;{'roe': 0.1, 'fcfy': 0.1, 'roic_wacc': 0.2, 'revenue_growth': 0.5, 'dividend_yield': 0.1}
249.54%;-84.64%;19.24%;-1.02;{'roe': 0.3, 'fcfy': 0.2, 'roic_wacc': 0.1, 'revenue_growth': 0.1, 'dividend_yield': 0.3}
249.27%;-84.90%;21.12%;-1.675;{'roe': 0.4, 'fcfy': 0.4, 'roic_wacc': 0.1, 'revenue_growth': 0.1}
249.11%;-85.07%;18.29%;-0.369;{'fcfy': 0.1, 'roic_wacc': 0.5, 'dividend_yield': 0.4}
249.06%;-85.12%;19.21%;-1.397;{'roe': 0.3, 'fcfy': 0.3, 'roic_wacc': 0.4}
248.59%;-85.59%;20.18%;-0.697;{'roe': 0.6, 'revenue_growth': 0.1, 'dividend_yield': 0.3}
248.46%;-85.71%;20.93%;-0.263;{'roe': 0.1, 'fcfy': 0.3, 'roic_wacc': 0.4, 'dividend_yield': 0.2}
248.43%;-85.74%;29.60%;-0.686;{'roe': 0.2, 'fcfy': 0.1, 'roic_wacc': 0.1, 'revenue_growth': 0.5, 'dividend_yield': 0.1}
248.31%;-85.86%;19.97%;-0.06;{'roe': 0.7, 'roic_wacc': 0.1, 'revenue_growth': 0.1, 'dividend_yield': 0.1}
248.30%;-85.88%;19.09%;-0.075;{'roe': 0.8, 'roic_wacc': 0.1, 'dividend_yield': 0.1}
248.18%;-85.99%;24.12%;-1.288;{'roe': 0.1, 'fcfy': 0.2, 'roic_wacc': 0.1, 'revenue_growth': 0.3, 'dividend_yield': 0.3}
248.02%;-86.16%;18.12%;-1.566;{'roe': 0.6, 'fcfy': 0.3, 'dividend_yield': 0.1}
248.01%;-86.16%;23.05%;-0.502;{'roe': 0.1, 'fcfy': 0.2, 'roic_wacc': 0.3, 'revenue_growth': 0.4}
247.65%;-86.53%;27.91%;-0.816;{'fcfy': 0.3, 'revenue_growth': 0.4, 'dividend_yield': 0.3}
247.65%;-86.53%;20.88%;-0.503;{'roe': 0.3, 'fcfy': 0.1, 'roic_wacc': 0.1, 'revenue_growth': 0.2, 'dividend_yield': 0.3}
247.60%;-86.57%;21.28%;-1.166;{'roe': 0.4, 'fcfy': 0.2, 'revenue_growth': 0.2, 'dividend_yield': 0.2}
247.50%;-86.68%;18.38%;-0.73;{'roe': 0.3, 'fcfy': 0.1, 'revenue_growth': 0.1, 'dividend_yield': 0.5}
247.45%;-86.72%;21.59%;-1.602;{'roe': 0.5, 'fcfy': 0.5}
247.28%;-86.89%;18.60%;-1.125;{'roe': 0.4, 'fcfy': 0.2, 'roic_wacc': 0.1, 'dividend_yield': 0.3}
247.23%;-86.94%;19.73%;0.348;{'roe': 0.2, 'roic_wacc': 0.8}
247.16%;-87.02%;31.49%;-0.594;{'roe': 0.1, 'roic_wacc': 0.1, 'revenue_growth': 0.5, 'dividend_yield': 0.3}
247.10%;-87.08%;18.84%;-0.313;{'fcfy': 0.1, 'roic_wacc': 0.3, 'dividend_yield': 0.6}
246.97%;-87.20%;19.69%;0.056;{'roe': 0.3, 'roic_wacc': 0.6, 'revenue_growth': 0.1}
246.65%;-87.53%;19.60%;-0.782;{'roe': 0.1, 'roic_wacc': 0.4, 'dividend_yield': 0.5}
246.55%;-87.63%;22.98%;-0.042;{'roe': 0.3, 'roic_wacc': 0.4, 'revenue_growth': 0.3}
246.54%;-87.64%;23.40%;-0.252;{'roe': 0.2, 'roic_wacc': 0.3, 'revenue_growth': 0.4, 'dividend_yield': 0.1}
246.34%;-87.84%;20.02%;-0.745;{'roe': 0.2, 'roic_wacc': 0.2, 'revenue_growth': 0.1, 'dividend_yield': 0.5}
246.20%;-87.98%;20.13%;-0.421;{'roe': 0.8, 'roic_wacc': 0.1, 'revenue_growth': 0.1}
246.19%;-87.99%;20.15%;-0.898;{'roe': 0.2, 'fcfy': 0.1, 'roic_wacc': 0.1, 'revenue_growth': 0.2, 'dividend_yield': 0.4}
246.18%;-87.99%;19.61%;-0.144;{'roe': 0.1, 'fcfy': 0.1, 'roic_wacc': 0.2, 'dividend_yield': 0.6}
246.12%;-88.05%;22.48%;-1.395;{'roe': 0.3, 'fcfy': 0.6, 'dividend_yield': 0.1}
246.08%;-88.10%;20.59%;-1.509;{'roe': 0.1, 'fcfy': 0.4, 'roic_wacc': 0.3, 'dividend_yield': 0.2}
245.98%;-88.19%;19.54%;-0.166;{'roe': 0.2, 'fcfy': 0.2, 'roic_wacc': 0.4, 'revenue_growth': 0.1, 'dividend_yield': 0.1}
245.92%;-88.26%;28.77%;-0.589;{'roe': 0.1, 'roic_wacc': 0.3, 'revenue_growth': 0.6}
245.87%;-88.31%;24.63%;-0.023;{'roe': 0.1, 'revenue_growth': 0.3, 'dividend_yield': 0.6}
245.58%;-88.60%;20.76%;-0.282;{'roe': 0.5, 'roic_wacc': 0.3, 'revenue_growth': 0.2}
245.42%;-88.76%;23.16%;-0.859;{'roe': 0.2, 'fcfy': 0.5, 'roic_wacc': 0.1, 'dividend_yield': 0.2}
245.15%;-89.03%;25.97%;-1.129;{'roe': 0.2, 'fcfy': 0.2, 'roic_wacc': 0.1, 'revenue_growth': 0.4, 'dividend_yield': 0.1}
245.03%;-89.15%;21.59%;-1.084;{'fcfy': 0.5, 'roic_wacc': 0.4, 'revenue_growth': 0.1}
244.93%;-89.25%;19.21%;-0.805;{'roe': 0.3, 'fcfy': 0.2, 'roic_wacc': 0.4, 'dividend_yield': 0.1}
244.89%;-89.28%;21.29%;-2.028;{'roe': 0.3, 'fcfy': 0.5, 'dividend_yield': 0.2}
244.50%;-89.67%;19.49%;-0.975;{'roe': 0.4, 'fcfy': 0.3, 'roic_wacc': 0.1, 'revenue_growth': 0.1, 'dividend_yield': 0.1}
244.37%;-89.80%;19.74%;-1.112;{'roe': 0.3, 'fcfy': 0.1, 'roic_wacc': 0.3, 'dividend_yield': 0.3}
243.81%;-90.36%;29.29%;-0.567;{'roe': 0.3, 'roic_wacc': 0.1, 'revenue_growth': 0.5, 'dividend_yield': 0.1}
243.75%;-90.42%;22.07%;-1.53;{'roe': 0.3, 'fcfy': 0.2, 'revenue_growth': 0.2, 'dividend_yield': 0.3}
243.72%;-90.45%;19.69%;-0.225;{'fcfy': 0.2, 'roic_wacc': 0.3, 'revenue_growth': 0.2, 'dividend_yield': 0.3}
243.70%;-90.48%;20.90%;-0.042;{'roe': 0.3, 'roic_wacc': 0.5, 'revenue_growth': 0.2}
243.59%;-90.58%;27.07%;-1.324;{'fcfy': 0.4, 'roic_wacc': 0.1, 'revenue_growth': 0.2, 'dividend_yield': 0.3}
243.52%;-90.66%;22.57%;-2.123;{'roe': 0.2, 'fcfy': 0.5, 'roic_wacc': 0.1, 'revenue_growth': 0.1, 'dividend_yield': 0.1}
243.44%;-90.74%;16.87%;-0.917;{'roe': 0.5, 'dividend_yield': 0.5}
243.42%;-90.76%;16.85%;-0.632;{'roe': 0.5, 'fcfy': 0.1, 'roic_wacc': 0.1, 'dividend_yield': 0.3}
243.36%;-90.81%;19.78%;-1.051;{'roe': 0.2, 'fcfy': 0.1, 'roic_wacc': 0.2, 'revenue_growth': 0.1, 'dividend_yield': 0.4}
243.14%;-91.03%;22.47%;-1;{'fcfy': 0.3, 'roic_wacc': 0.2, 'dividend_yield': 0.5}
242.73%;-91.45%;21.95%;-1.675;{'roe': 0.2, 'fcfy': 0.5, 'roic_wacc': 0.2, 'revenue_growth': 0.1}
242.70%;-91.48%;21.63%;-0.357;{'roe': 0.4, 'roic_wacc': 0.2, 'revenue_growth': 0.2, 'dividend_yield': 0.2}
242.63%;-91.55%;21.05%;-1.164;{'roe': 0.2, 'revenue_growth': 0.1, 'dividend_yield': 0.7}
242.62%;-91.55%;27.46%;-0.531;{'roic_wacc': 0.2, 'revenue_growth': 0.5, 'dividend_yield': 0.3}
242.49%;-91.68%;25.81%;-1.038;{'roe': 0.3, 'fcfy': 0.1, 'revenue_growth': 0.3, 'dividend_yield': 0.3}
242.47%;-91.70%;20.15%;-0.185;{'roe': 0.1, 'fcfy': 0.3, 'roic_wacc': 0.3, 'revenue_growth': 0.1, 'dividend_yield': 0.2}
242.37%;-91.81%;22.93%;-0.453;{'roe': 0.5, 'revenue_growth': 0.2, 'dividend_yield': 0.3}
242.29%;-91.88%;22.95%;-0.834;{'fcfy': 0.4, 'roic_wacc': 0.2, 'dividend_yield': 0.4}
241.73%;-92.44%;25.00%;-1.719;{'fcfy': 0.6, 'roic_wacc': 0.2, 'revenue_growth': 0.2}
241.73%;-92.45%;17.29%;-0.126;{'roe': 0.8, 'dividend_yield': 0.2}
241.62%;-92.55%;22.32%;-0.909;{'revenue_growth': 0.1, 'dividend_yield': 0.9}
241.42%;-92.75%;19.78%;-0.775;{'roe': 0.1, 'roic_wacc': 0.3, 'revenue_growth': 0.1, 'dividend_yield': 0.5}
241.36%;-92.82%;17.05%;-0.457;{'roe': 0.7, 'fcfy': 0.3}
241.34%;-92.84%;27.09%;-1.064;{'roe': 0.1, 'fcfy': 0.2, 'roic_wacc': 0.1, 'revenue_growth': 0.4, 'dividend_yield': 0.2}
241.15%;-93.02%;19.73%;-1.259;{'roe': 0.2, 'fcfy': 0.4, 'roic_wacc': 0.2, 'dividend_yield': 0.2}
240.83%;-93.35%;21.97%;0.128;{'fcfy': 0.2, 'roic_wacc': 0.4, 'revenue_growth': 0.2, 'dividend_yield': 0.2}
240.81%;-93.37%;19.31%;-0.221;{'roe': 0.3, 'fcfy': 0.2, 'roic_wacc': 0.2, 'revenue_growth': 0.1, 'dividend_yield': 0.2}
240.56%;-93.62%;23.94%;0.141;{'roe': 0.2, 'revenue_growth': 0.3, 'dividend_yield': 0.5}
240.47%;-93.70%;17.40%;-0.36;{'fcfy': 0.1, 'roic_wacc': 0.3, 'revenue_growth': 0.1, 'dividend_yield': 0.5}
240.46%;-93.72%;21.42%;-1.163;{'fcfy': 0.6, 'roic_wacc': 0.3, 'dividend_yield': 0.1}
240.09%;-94.09%;20.27%;-0.068;{'roe': 0.1, 'fcfy': 0.2, 'roic_wacc': 0.3, 'revenue_growth': 0.2, 'dividend_yield': 0.2}
240.02%;-94.15%;20.69%;-1.552;{'roe': 0.2, 'fcfy': 0.3, 'roic_wacc': 0.4, 'dividend_yield': 0.1}
239.92%;-94.26%;21.30%;0.011;{'roic_wacc': 0.3, 'revenue_growth': 0.3, 'dividend_yield': 0.4}
239.71%;-94.46%;29.55%;-1.879;{'fcfy': 0.7, 'roic_wacc': 0.2, 'dividend_yield': 0.1}
239.59%;-94.59%;19.94%;-1.184;{'roe': 0.2, 'fcfy': 0.3, 'roic_wacc': 0.5}
239.54%;-94.64%;22.90%;-0.827;{'roe': 0.4, 'fcfy': 0.3, 'roic_wacc': 0.1, 'revenue_growth': 0.2}
239.42%;-94.76%;23.27%;-0.725;{'roe': 0.3, 'fcfy': 0.1, 'roic_wacc': 0.3, 'revenue_growth': 0.3}
239.08%;-95.10%;20.45%;-0.381;{'roe': 0.1, 'fcfy': 0.1, 'roic_wacc': 0.3, 'revenue_growth': 0.2, 'dividend_yield': 0.3}
239.07%;-95.11%;28.96%;-0.641;{'roe': 0.4, 'roic_wacc': 0.1, 'revenue_growth': 0.5}
238.79%;-95.38%;21.37%;-1.637;{'roe': 0.4, 'fcfy': 0.4, 'roic_wacc': 0.1, 'dividend_yield': 0.1}
238.79%;-95.39%;19.44%;-0.959;{'roe': 0.1, 'fcfy': 0.1, 'roic_wacc': 0.4, 'revenue_growth': 0.1, 'dividend_yield': 0.3}
238.70%;-95.47%;22.92%;-1.459;{'roe': 0.2, 'fcfy': 0.6, 'roic_wacc': 0.1, 'revenue_growth': 0.1}
238.70%;-95.48%;18.70%;-0.788;{'roe': 0.1, 'fcfy': 0.1, 'roic_wacc': 0.3, 'revenue_growth': 0.1, 'dividend_yield': 0.4}
238.67%;-95.50%;20.16%;-1.165;{'roe': 0.1, 'fcfy': 0.2, 'roic_wacc': 0.4, 'dividend_yield': 0.3}
238.55%;-95.63%;25.31%;-0.478;{'fcfy': 0.3, 'roic_wacc': 0.1, 'revenue_growth': 0.2, 'dividend_yield': 0.4}
238.53%;-95.64%;23.57%;-0.443;{'roe': 0.4, 'roic_wacc': 0.1, 'revenue_growth': 0.2, 'dividend_yield': 0.3}
238.30%;-95.88%;21.91%;-1.716;{'roe': 0.3, 'fcfy': 0.5, 'roic_wacc': 0.1, 'revenue_growth': 0.1}
238.26%;-95.92%;19.91%;-1.303;{'roe': 0.4, 'fcfy': 0.4, 'dividend_yield': 0.2}
238.18%;-96.00%;20.06%;-0.83;{'fcfy': 0.4, 'roic_wacc': 0.6}
238.18%;-96.00%;22.32%;-0.366;{'roe': 0.3, 'fcfy': 0.1, 'roic_wacc': 0.2, 'revenue_growth': 0.2, 'dividend_yield': 0.2}
238.17%;-96.01%;24.45%;-1.034;{'roe': 0.3, 'revenue_growth': 0.3, 'dividend_yield': 0.4}
238.16%;-96.01%;23.65%;-0.725;{'roe': 0.2, 'fcfy': 0.1, 'roic_wacc': 0.3, 'revenue_growth': 0.3, 'dividend_yield': 0.1}
238.12%;-96.05%;21.37%;-0.549;{'roe': 0.5, 'roic_wacc': 0.2, 'revenue_growth': 0.2, 'dividend_yield': 0.1}
238.10%;-96.07%;22.57%;-0.619;{'fcfy': 0.1, 'roic_wacc': 0.1, 'revenue_growth': 0.3, 'dividend_yield': 0.5}
237.78%;-96.39%;19.03%;-0.307;{'roe': 0.7, 'fcfy': 0.2, 'revenue_growth': 0.1}
237.77%;-96.41%;19.04%;-0.77;{'roe': 0.1, 'fcfy': 0.1, 'roic_wacc': 0.4, 'dividend_yield': 0.4}
237.73%;-96.44%;17.87%;-1.399;{'roe': 0.2, 'fcfy': 0.1, 'roic_wacc': 0.1, 'revenue_growth': 0.1, 'dividend_yield': 0.5}
237.70%;-96.48%;29.32%;-0.851;{'roe': 0.4, 'fcfy': 0.1, 'revenue_growth': 0.4, 'dividend_yield': 0.1}
237.48%;-96.70%;20.46%;-0.73;{'roe': 0.1, 'roic_wacc': 0.4, 'revenue_growth': 0.2, 'dividend_yield': 0.3}
237.46%;-96.72%;22.40%;-2.028;{'roe': 0.1, 'fcfy': 0.5, 'roic_wacc': 0.2, 'revenue_growth': 0.1, 'dividend_yield': 0.1}
237.37%;-96.81%;27.01%;-1.154;{'fcfy': 0.4, 'revenue_growth': 0.3, 'dividend_yield': 0.3}
237.28%;-96.90%;23.01%;-0.946;{'roe': 0.1, 'fcfy': 0.2, 'revenue_growth': 0.2, 'dividend_yield': 0.5}
237.24%;-96.93%;19.20%;-1.069;{'roe': 0.1, 'roic_wacc': 0.2, 'dividend_yield': 0.7}
236.93%;-97.24%;22.78%;-0.65;{'roe': 0.4, 'fcfy': 0.1, 'roic_wacc': 0.2, 'revenue_growth': 0.2, 'dividend_yield': 0.1}
236.92%;-97.25%;21.79%;-1.16;{'roe': 0.4, 'fcfy': 0.5, 'dividend_yield': 0.1}
236.89%;-97.29%;19.45%;-0.903;{'roe': 0.3, 'fcfy': 0.3, 'roic_wacc': 0.2, 'revenue_growth': 0.1, 'dividend_yield': 0.1}
236.78%;-97.40%;27.03%;0.016;{'roe': 0.1, 'roic_wacc': 0.1, 'revenue_growth': 0.4, 'dividend_yield': 0.4}
236.75%;-97.43%;21.57%;-1.659;{'roe': 0.3, 'fcfy': 0.4, 'roic_wacc': 0.2, 'revenue_growth': 0.1}
236.55%;-97.62%;18.07%;-0.932;{'fcfy': 0.1, 'roic_wacc': 0.6, 'dividend_yield': 0.3}
236.45%;-97.73%;19.41%;-1.018;{'roe': 0.7, 'fcfy': 0.1, 'roic_wacc': 0.1, 'revenue_growth': 0.1}
236.44%;-97.73%;20.76%;-1.334;{'roe': 0.1, 'fcfy': 0.1, 'roic_wacc': 0.1, 'revenue_growth': 0.2, 'dividend_yield': 0.5}
236.42%;-97.75%;21.87%;-0.713;{'roe': 0.2, 'roic_wacc': 0.4, 'revenue_growth': 0.2, 'dividend_yield': 0.2}
236.31%;-97.86%;22.36%;-0.739;{'roe': 0.1, 'fcfy': 0.1, 'roic_wacc': 0.3, 'revenue_growth': 0.4, 'dividend_yield': 0.1}
236.25%;-97.93%;19.97%;-1.22;{'roe': 0.1, 'roic_wacc': 0.2, 'revenue_growth': 0.2, 'dividend_yield': 0.5}
236.20%;-97.98%;19.32%;-1.017;{'roe': 0.2, 'fcfy': 0.1, 'roic_wacc': 0.5, 'dividend_yield': 0.2}
235.41%;-98.77%;20.75%;-1.826;{'roe': 0.2, 'fcfy': 0.4, 'roic_wacc': 0.2, 'revenue_growth': 0.1, 'dividend_yield': 0.1}
234.99%;-99.19%;19.70%;-0.619;{'roe': 0.1, 'fcfy': 0.2, 'roic_wacc': 0.2, 'revenue_growth': 0.2, 'dividend_yield': 0.3}
234.72%;-99.45%;23.11%;-0.192;{'roe': 0.4, 'roic_wacc': 0.4, 'revenue_growth': 0.2}
234.71%;-99.46%;24.76%;-1.609;{'roe': 0.1, 'fcfy': 0.6, 'roic_wacc': 0.1, 'revenue_growth': 0.2}
234.57%;-99.60%;26.57%;-1.052;{'roe': 0.2, 'fcfy': 0.2, 'revenue_growth': 0.3, 'dividend_yield': 0.3}
234.51%;-99.67%;18.86%;-0.665;{'roic_wacc': 0.5, 'revenue_growth': 0.1, 'dividend_yield': 0.4}
234.45%;-99.72%;19.61%;0.045;{'fcfy': 0.2, 'roic_wacc': 0.3, 'revenue_growth': 0.1, 'dividend_yield': 0.4}
234.42%;-99.76%;30.56%;-0.87;{'roe': 0.3, 'fcfy': 0.2, 'revenue_growth': 0.5}
234.19%;-99.99%;19.54%;-0.935;{'roe': 0.5, 'fcfy': 0.3, 'roic_wacc': 0.2}
234.08%;-100.10%;17.92%;-0.657;{'roe': 0.1, 'fcfy': 0.1, 'roic_wacc': 0.2, 'revenue_growth': 0.1, 'dividend_yield': 0.5}
233.75%;-100.42%;23.61%;-1.117;{'roe': 0.7, 'roic_wacc': 0.1, 'revenue_growth': 0.2}
233.49%;-100.69%;18.75%;-1.058;{'roe': 0.4, 'fcfy': 0.1, 'revenue_growth': 0.1, 'dividend_yield': 0.4}
233.38%;-100.79%;21.72%;-0.717;{'fcfy': 0.3, 'roic_wacc': 0.2, 'revenue_growth': 0.1, 'dividend_yield': 0.4}
233.08%;-101.10%;20.68%;-0.993;{'fcfy': 0.3, 'roic_wacc': 0.4, 'revenue_growth': 0.1, 'dividend_yield': 0.2}
233.05%;-101.13%;21.35%;-0.34;{'roe': 0.5, 'fcfy': 0.2, 'revenue_growth': 0.2, 'dividend_yield': 0.1}
232.83%;-101.34%;19.75%;-0.495;{'roe': 0.1, 'fcfy': 0.3, 'roic_wacc': 0.3, 'dividend_yield': 0.3}
232.72%;-101.45%;23.23%;-0.475;{'roe': 0.3, 'roic_wacc': 0.3, 'revenue_growth': 0.2, 'dividend_yield': 0.2}
232.68%;-101.50%;21.94%;-0.583;{'roe': 0.1, 'fcfy': 0.3, 'roic_wacc': 0.2, 'dividend_yield': 0.4}
232.67%;-101.50%;20.97%;-0.284;{'roe': 0.6, 'roic_wacc': 0.2, 'revenue_growth': 0.2}
232.66%;-101.51%;20.75%;0.135;{'roic_wacc': 0.4, 'dividend_yield': 0.6}
232.13%;-102.04%;22.44%;-0.882;{'roe': 0.4, 'fcfy': 0.1, 'roic_wacc': 0.1, 'revenue_growth': 0.2, 'dividend_yield': 0.2}
232.00%;-102.18%;21.03%;-0.823;{'fcfy': 0.4, 'roic_wacc': 0.4, 'revenue_growth': 0.1, 'dividend_yield': 0.1}
231.94%;-102.24%;22.29%;-0.656;{'roic_wacc': 0.2, 'revenue_growth': 0.3, 'dividend_yield': 0.5}
231.90%;-102.28%;26.87%;-1.065;{'fcfy': 0.3, 'revenue_growth': 0.3, 'dividend_yield': 0.4}
231.86%;-102.32%;21.86%;-2.123;{'roe': 0.2, 'fcfy': 0.4, 'roic_wacc': 0.1, 'revenue_growth': 0.1, 'dividend_yield': 0.2}
231.84%;-102.34%;21.84%;-0.983;{'roe': 0.1, 'fcfy': 0.1, 'dividend_yield': 0.8}
231.72%;-102.46%;19.67%;0.021;{'roic_wacc': 0.3, 'revenue_growth': 0.1, 'dividend_yield': 0.6}
231.61%;-102.57%;23.17%;-0.312;{'roe': 0.1, 'fcfy': 0.4, 'roic_wacc': 0.1, 'revenue_growth': 0.1, 'dividend_yield': 0.3}
231.55%;-102.63%;18.97%;-1.13;{'roe': 0.1, 'fcfy': 0.1, 'roic_wacc': 0.5, 'dividend_yield': 0.3}
231.25%;-102.93%;24.10%;-1.538;{'roe': 0.1, 'fcfy': 0.4, 'roic_wacc': 0.2, 'revenue_growth': 0.2, 'dividend_yield': 0.1}
231.17%;-103.00%;18.82%;-0.626;{'roe': 0.2, 'fcfy': 0.2, 'roic_wacc': 0.3, 'revenue_growth': 0.1, 'dividend_yield': 0.2}
231.04%;-103.13%;19.70%;-0.539;{'roe': 0.3, 'fcfy': 0.3, 'roic_wacc': 0.2, 'dividend_yield': 0.2}
230.81%;-103.36%;20.95%;-0.961;{'roe': 0.3, 'fcfy': 0.3, 'roic_wacc': 0.1, 'revenue_growth': 0.1, 'dividend_yield': 0.2}
230.73%;-103.45%;22.30%;-1.374;{'fcfy': 0.4, 'roic_wacc': 0.2, 'revenue_growth': 0.1, 'dividend_yield': 0.3}
230.67%;-103.50%;21.84%;-0.312;{'roe': 0.2, 'fcfy': 0.4, 'roic_wacc': 0.1, 'dividend_yield': 0.3}
230.64%;-103.54%;20.35%;-0.657;{'fcfy': 0.3, 'roic_wacc': 0.3, 'dividend_yield': 0.4}
230.46%;-103.71%;29.06%;-0.783;{'roe': 0.3, 'fcfy': 0.1, 'roic_wacc': 0.1, 'revenue_growth': 0.4, 'dividend_yield': 0.1}
230.44%;-103.73%;19.77%;-0.079;{'roe': 0.6, 'roic_wacc': 0.1, 'revenue_growth': 0.1, 'dividend_yield': 0.2}
230.43%;-103.75%;25.89%;-0.46;{'roe': 0.1, 'roic_wacc': 0.2, 'revenue_growth': 0.4, 'dividend_yield': 0.3}
230.32%;-103.86%;19.52%;-0.83;{'roe': 0.1, 'fcfy': 0.4, 'roic_wacc': 0.5}
230.08%;-104.10%;19.52%;-0.737;{'fcfy': 0.3, 'roic_wacc': 0.5, 'revenue_growth': 0.1, 'dividend_yield': 0.1}
229.87%;-104.30%;23.88%;-1.737;{'roe': 0.1, 'fcfy': 0.3, 'roic_wacc': 0.1, 'revenue_growth': 0.2, 'dividend_yield': 0.3}
229.49%;-104.68%;19.72%;-1.336;{'roe': 0.2, 'fcfy': 0.1, 'roic_wacc': 0.4, 'dividend_yield': 0.3}
229.49%;-104.69%;20.59%;-0.974;{'roe': 0.1, 'fcfy': 0.3, 'roic_wacc': 0.5, 'dividend_yield': 0.1}
229.39%;-104.79%;21.08%;-0.897;{'fcfy': 0.3, 'roic_wacc': 0.3, 'revenue_growth': 0.2, 'dividend_yield': 0.2}
229.29%;-104.88%;19.28%;-0.429;{'fcfy': 0.2, 'roic_wacc': 0.5, 'dividend_yield': 0.3}
229.17%;-105.00%;19.23%;-0.61;{'roe': 0.7, 'roic_wacc': 0.1, 'dividend_yield': 0.2}
229.01%;-105.17%;24.93%;-0.627;{'roe': 0.2, 'fcfy': 0.1, 'roic_wacc': 0.2, 'revenue_growth': 0.4, 'dividend_yield': 0.1}
228.98%;-105.20%;22.46%;-0.363;{'roe': 0.2, 'roic_wacc': 0.3, 'revenue_growth': 0.3, 'dividend_yield': 0.2}
228.91%;-105.27%;22.25%;-0.998;{'fcfy': 0.1, 'dividend_yield': 0.9}
228.91%;-105.27%;18.89%;-1.163;{'roe': 0.4, 'fcfy': 0.2, 'roic_wacc': 0.2, 'dividend_yield': 0.2}
228.75%;-105.42%;25.18%;-0.303;{'revenue_growth': 0.3, 'dividend_yield': 0.7}
228.45%;-105.72%;27.91%;0.255;{'roic_wacc': 0.1, 'revenue_growth': 0.4, 'dividend_yield': 0.5}
228.22%;-105.96%;28.04%;-1.965;{'fcfy': 0.7, 'roic_wacc': 0.3}
228.16%;-106.02%;18.29%;-1.513;{'roe': 0.3, 'fcfy': 0.1, 'roic_wacc': 0.1, 'revenue_growth': 0.1, 'dividend_yield': 0.4}
228.15%;-106.03%;17.83%;-0.808;{'roe': 0.9, 'dividend_yield': 0.1}
227.86%;-106.31%;21.19%;-1.132;{'roe': 0.3, 'fcfy': 0.4, 'roic_wacc': 0.1, 'dividend_yield': 0.2}
227.82%;-106.36%;20.39%;-0.299;{'fcfy': 0.2, 'roic_wacc': 0.2, 'revenue_growth': 0.2, 'dividend_yield': 0.4}
227.78%;-106.40%;28.26%;-0.838;{'roe': 0.5, 'fcfy': 0.1, 'revenue_growth': 0.4}
227.73%;-106.44%;20.57%;-1.001;{'roe': 0.2, 'fcfy': 0.3, 'roic_wacc': 0.1, 'revenue_growth': 0.1, 'dividend_yield': 0.3}
227.47%;-106.71%;23.35%;-0.314;{'roe': 0.1, 'fcfy': 0.5, 'roic_wacc': 0.1, 'dividend_yield': 0.3}
227.41%;-106.76%;24.55%;-0.644;{'roe': 0.3, 'fcfy': 0.2, 'roic_wacc': 0.1, 'revenue_growth': 0.3, 'dividend_yield': 0.1}
227.29%;-106.89%;22.74%;-2.124;{'fcfy': 0.5, 'roic_wacc': 0.2, 'revenue_growth': 0.1, 'dividend_yield': 0.2}
227.15%;-107.02%;21.94%;-0.483;{'roe': 0.2, 'roic_wacc': 0.3, 'revenue_growth': 0.2, 'dividend_yield': 0.3}
227.09%;-107.08%;22.39%;-1.949;{'roe': 0.2, 'fcfy': 0.2, 'revenue_growth': 0.2, 'dividend_yield': 0.4}
226.86%;-107.32%;19.74%;-0.837;{'roe': 0.1, 'fcfy': 0.2, 'roic_wacc': 0.2, 'revenue_growth': 0.1, 'dividend_yield': 0.4}
226.81%;-107.36%;22.83%;-1.459;{'roe': 0.3, 'fcfy': 0.6, 'revenue_growth': 0.1}
226.78%;-107.39%;18.14%;-0.577;{'fcfy': 0.1, 'roic_wacc': 0.4, 'revenue_growth': 0.1, 'dividend_yield': 0.4}
226.73%;-107.45%;21.91%;-0.16;{'fcfy': 0.1, 'roic_wacc': 0.2, 'dividend_yield': 0.7}
226.52%;-107.65%;22.05%;-0.1;{'roe': 0.4, 'roic_wacc': 0.3, 'revenue_growth': 0.2, 'dividend_yield': 0.1}
226.51%;-107.66%;22.49%;-0.94;{'roe': 0.8, 'revenue_growth': 0.2}
226.36%;-107.82%;21.79%;-0.707;{'roe': 0.5, 'fcfy': 0.1, 'roic_wacc': 0.1, 'revenue_growth': 0.2, 'dividend_yield': 0.1}
225.92%;-108.25%;19.72%;-0.39;{'roe': 0.1, 'fcfy': 0.1, 'roic_wacc': 0.1, 'revenue_growth': 0.1, 'dividend_yield': 0.6}
225.92%;-108.26%;21.29%;-0.72;{'roe': 0.3, 'roic_wacc': 0.2, 'revenue_growth': 0.2, 'dividend_yield': 0.3}
225.75%;-108.42%;21.23%;-1.067;{'fcfy': 0.2, 'roic_wacc': 0.2, 'revenue_growth': 0.1, 'dividend_yield': 0.5}
225.51%;-108.67%;20.45%;-0.265;{'roe': 0.2, 'fcfy': 0.3, 'roic_wacc': 0.2, 'dividend_yield': 0.3}
225.30%;-108.88%;20.79%;-1.18;{'roe': 0.1, 'revenue_growth': 0.1, 'dividend_yield': 0.8}
225.30%;-108.88%;27.04%;-0.703;{'roe': 0.5, 'revenue_growth': 0.4, 'dividend_yield': 0.1}
225.08%;-109.09%;18.91%;-0.738;{'roe': 0.1, 'roic_wacc': 0.4, 'revenue_growth': 0.1, 'dividend_yield': 0.4}
224.86%;-109.31%;25.50%;-0.627;{'roe': 0.3, 'roic_wacc': 0.2, 'revenue_growth': 0.4, 'dividend_yield': 0.1}
224.71%;-109.47%;20.68%;-1.52;{'roe': 0.2, 'roic_wacc': 0.2, 'revenue_growth': 0.2, 'dividend_yield': 0.4}
224.61%;-109.57%;21.26%;-1.001;{'roe': 0.3, 'fcfy': 0.2, 'roic_wacc': 0.1, 'revenue_growth': 0.2, 'dividend_yield': 0.2}
224.44%;-109.74%;23.07%;-1.487;{'roe': 0.1, 'fcfy': 0.6, 'roic_wacc': 0.2, 'revenue_growth': 0.1}
223.76%;-110.41%;23.81%;-1.046;{'roe': 0.3, 'roic_wacc': 0.1, 'revenue_growth': 0.3, 'dividend_yield': 0.3}
223.69%;-110.49%;26.62%;-0.883;{'roe': 0.6, 'fcfy': 0.1, 'revenue_growth': 0.3}
223.48%;-110.69%;26.10%;-0.938;{'roe': 0.1, 'fcfy': 0.2, 'revenue_growth': 0.4, 'dividend_yield': 0.3}
223.33%;-110.85%;20.47%;-0.603;{'roe': 0.1, 'fcfy': 0.3, 'roic_wacc': 0.2, 'revenue_growth': 0.1, 'dividend_yield': 0.3}
223.33%;-110.85%;20.14%;-0.053;{'roe': 0.2, 'roic_wacc': 0.7, 'revenue_growth': 0.1}
223.33%;-110.85%;23.61%;-0.839;{'fcfy': 0.2, 'roic_wacc': 0.1, 'revenue_growth': 0.4, 'dividend_yield': 0.3}
223.21%;-110.96%;19.36%;-1.699;{'roe': 0.2, 'fcfy': 0.3, 'roic_wacc': 0.3, 'revenue_growth': 0.1, 'dividend_yield': 0.1}
222.83%;-111.34%;19.95%;-0.718;{'roic_wacc': 0.4, 'revenue_growth': 0.2, 'dividend_yield': 0.4}
222.78%;-111.39%;21.61%;-0.232;{'roe': 0.2, 'fcfy': 0.1, 'roic_wacc': 0.2, 'revenue_growth': 0.2, 'dividend_yield': 0.3}
222.75%;-111.43%;20.24%;-1.478;{'roe': 0.2, 'fcfy': 0.4, 'roic_wacc': 0.3, 'dividend_yield': 0.1}
222.57%;-111.60%;29.35%;-1.113;{'roe': 0.3, 'fcfy': 0.2, 'revenue_growth': 0.4, 'dividend_yield': 0.1}
222.41%;-111.77%;20.92%;-0.621;{'roe': 0.1, 'revenue_growth': 0.2, 'dividend_yield': 0.7}
222.17%;-112.01%;20.48%;-0.184;{'fcfy': 0.3, 'roic_wacc': 0.4, 'dividend_yield': 0.3}
221.73%;-112.44%;20.07%;-1.166;{'roe': 0.2, 'fcfy': 0.4, 'roic_wacc': 0.4}
221.52%;-112.65%;22.21%;-1.409;{'roe': 0.1, 'fcfy': 0.5, 'roic_wacc': 0.2, 'dividend_yield': 0.2}
221.43%;-112.74%;20.56%;-0.851;{'roe': 0.1, 'roic_wacc': 0.1, 'dividend_yield': 0.8}
221.41%;-112.77%;21.72%;-0.962;{'roic_wacc': 0.1, 'dividend_yield': 0.9}
220.94%;-113.24%;20.89%;-0.332;{'roe': 0.6, 'fcfy': 0.1, 'roic_wacc': 0.2, 'revenue_growth': 0.1}
220.69%;-113.48%;19.83%;-0.887;{'fcfy': 0.4, 'roic_wacc': 0.5, 'dividend_yield': 0.1}
220.57%;-113.61%;21.57%;-0.393;{'roe': 0.1, 'fcfy': 0.1, 'revenue_growth': 0.2, 'dividend_yield': 0.6}
220.34%;-113.83%;20.38%;-0.842;{'fcfy': 0.2, 'roic_wacc': 0.3, 'dividend_yield': 0.5}
219.97%;-114.20%;25.70%;-1.169;{'roe': 0.3, 'fcfy': 0.2, 'roic_wacc': 0.1, 'revenue_growth': 0.4}
219.95%;-114.22%;21.74%;-1.839;{'roe': 0.1, 'fcfy': 0.6, 'roic_wacc': 0.2, 'dividend_yield': 0.1}
219.78%;-114.39%;27.86%;-0.664;{'roe': 0.4, 'fcfy': 0.1, 'roic_wacc': 0.1, 'revenue_growth': 0.4}
219.71%;-114.46%;26.85%;-1.766;{'fcfy': 0.6, 'roic_wacc': 0.1, 'revenue_growth': 0.1, 'dividend_yield': 0.2}
219.31%;-114.87%;24.11%;-0.042;{'roe': 0.3, 'roic_wacc': 0.3, 'revenue_growth': 0.3, 'dividend_yield': 0.1}
218.98%;-115.19%;24.30%;-0.887;{'roe': 0.5, 'roic_wacc': 0.1, 'revenue_growth': 0.3, 'dividend_yield': 0.1}
218.86%;-115.31%;18.33%;-0.292;{'fcfy': 0.1, 'roic_wacc': 0.3, 'revenue_growth': 0.2, 'dividend_yield': 0.4}
218.66%;-115.51%;19.88%;-1.111;{'fcfy': 0.3, 'roic_wacc': 0.6, 'dividend_yield': 0.1}
218.43%;-115.75%;22.02%;-0.3;{'roe': 0.1, 'roic_wacc': 0.3, 'revenue_growth': 0.3, 'dividend_yield': 0.3}
218.31%;-115.86%;20.70%;-1.372;{'roic_wacc': 0.3, 'revenue_growth': 0.2, 'dividend_yield': 0.5}
218.31%;-115.87%;18.80%;-0.267;{'fcfy': 0.2, 'roic_wacc': 0.4, 'revenue_growth': 0.1, 'dividend_yield': 0.3}
218.23%;-115.95%;22.56%;-1.887;{'roe': 0.1, 'fcfy': 0.6, 'roic_wacc': 0.3}
218.17%;-116.01%;21.19%;-0.151;{'fcfy': 0.1, 'roic_wacc': 0.1, 'revenue_growth': 0.2, 'dividend_yield': 0.6}
217.87%;-116.30%;21.03%;-0.012;{'fcfy': 0.3, 'roic_wacc': 0.3, 'revenue_growth': 0.1, 'dividend_yield': 0.3}
217.69%;-116.49%;18.80%;-0.335;{'roe': 0.1, 'fcfy': 0.2, 'roic_wacc': 0.4, 'revenue_growth': 0.1, 'dividend_yield': 0.2}
217.23%;-116.95%;20.51%;-0.621;{'roe': 0.7, 'roic_wacc': 0.2, 'revenue_growth': 0.1}
217.13%;-117.05%;19.83%;-0.993;{'roe': 0.2, 'fcfy': 0.2, 'roic_wacc': 0.1, 'revenue_growth': 0.1, 'dividend_yield': 0.4}
217.12%;-117.06%;23.56%;-0.97;{'roe': 0.7, 'revenue_growth': 0.2, 'dividend_yield': 0.1}
216.70%;-117.48%;25.90%;-0.627;{'roe': 0.4, 'roic_wacc': 0.2, 'revenue_growth': 0.4}
216.63%;-117.54%;21.22%;-0.962;{'roe': 0.1, 'dividend_yield': 0.9}
216.57%;-117.60%;20.18%;-1.403;{'roe': 0.1, 'fcfy': 0.4, 'roic_wacc': 0.4, 'revenue_growth': 0.1}
216.57%;-117.61%;21.06%;-0.657;{'fcfy': 0.2, 'roic_wacc': 0.2, 'revenue_growth': 0.3, 'dividend_yield': 0.3}
216.45%;-117.73%;24.03%;-1.161;{'roe': 0.1, 'fcfy': 0.6, 'roic_wacc': 0.1, 'dividend_yield': 0.2}
216.38%;-117.80%;22.52%;-1.215;{'fcfy': 0.6, 'roic_wacc': 0.4}
215.94%;-118.23%;18.84%;-0.949;{'roe': 0.2, 'fcfy': 0.2, 'roic_wacc': 0.4, 'dividend_yield': 0.2}
215.79%;-118.38%;19.36%;-0.416;{'roe': 0.1, 'fcfy': 0.2, 'roic_wacc': 0.5, 'dividend_yield': 0.2}
215.63%;-118.54%;19.88%;-1.286;{'roe': 0.3, 'roic_wacc': 0.1, 'revenue_growth': 0.2, 'dividend_yield': 0.4}
215.60%;-118.58%;20.15%;-0.828;{'roe': 0.1, 'fcfy': 0.3, 'roic_wacc': 0.4, 'revenue_growth': 0.1, 'dividend_yield': 0.1}
215.52%;-118.66%;24.30%;-2.073;{'fcfy': 0.4, 'roic_wacc': 0.2, 'revenue_growth': 0.2, 'dividend_yield': 0.2}
215.43%;-118.74%;19.81%;-0.701;{'roe': 0.2, 'fcfy': 0.3, 'roic_wacc': 0.2, 'revenue_growth': 0.1, 'dividend_yield': 0.2}
215.31%;-118.87%;24.15%;-0.748;{'roe': 0.2, 'fcfy': 0.1, 'roic_wacc': 0.3, 'revenue_growth': 0.4}
215.15%;-119.03%;23.38%;-2.25;{'roe': 0.1, 'fcfy': 0.5, 'roic_wacc': 0.1, 'revenue_growth': 0.1, 'dividend_yield': 0.2}
215.05%;-119.13%;20.73%;-1.72;{'roe': 0.5, 'fcfy': 0.4, 'roic_wacc': 0.1}
215.00%;-119.17%;19.58%;-0.556;{'roic_wacc': 0.2, 'revenue_growth': 0.1, 'dividend_yield': 0.7}
214.76%;-119.41%;21.64%;-1.72;{'roe': 0.4, 'fcfy': 0.5, 'roic_wacc': 0.1}
214.49%;-119.68%;24.00%;-0.318;{'roe': 0.2, 'roic_wacc': 0.1, 'revenue_growth': 0.3, 'dividend_yield': 0.4}
214.33%;-119.84%;24.89%;-1.965;{'fcfy': 0.6, 'roic_wacc': 0.2, 'revenue_growth': 0.1, 'dividend_yield': 0.1}
214.29%;-119.89%;20.65%;-0.887;{'fcfy': 0.5, 'roic_wacc': 0.5}
214.18%;-120.00%;26.69%;-0.893;{'roe': 0.4, 'fcfy': 0.1, 'revenue_growth': 0.3, 'dividend_yield': 0.2}
213.68%;-120.50%;20.79%;-1.478;{'roe': 0.3, 'fcfy': 0.4, 'roic_wacc': 0.2, 'dividend_yield': 0.1}
213.60%;-120.57%;27.74%;-0.85;{'roe': 0.5, 'fcfy': 0.1, 'revenue_growth': 0.3, 'dividend_yield': 0.1}
213.59%;-120.58%;23.51%;-0.192;{'roe': 0.4, 'roic_wacc': 0.3, 'revenue_growth': 0.3}
213.58%;-120.59%;22.96%;-0.551;{'roe': 0.1, 'fcfy': 0.1, 'roic_wacc': 0.2, 'revenue_growth': 0.4, 'dividend_yield': 0.2}
213.30%;-120.87%;22.20%;-1.165;{'fcfy': 0.1, 'roic_wacc': 0.1, 'dividend_yield': 0.8}
213.30%;-120.88%;25.31%;-1.124;{'roe': 0.4, 'revenue_growth': 0.3, 'dividend_yield': 0.3}
213.19%;-120.99%;23.40%;-0.886;{'roe': 0.3, 'fcfy': 0.1, 'roic_wacc': 0.2, 'revenue_growth': 0.3, 'dividend_yield': 0.1}
213.06%;-121.11%;22.78%;-0.618;{'roe': 0.1, 'roic_wacc': 0.2, 'revenue_growth': 0.3, 'dividend_yield': 0.4}
213.02%;-121.15%;19.72%;-0.678;{'roe': 0.2, 'fcfy': 0.2, 'roic_wacc': 0.2, 'revenue_growth': 0.1, 'dividend_yield': 0.3}
212.79%;-121.38%;21.73%;-0.633;{'roic_wacc': 0.1, 'revenue_growth': 0.2, 'dividend_yield': 0.7}
212.59%;-121.58%;20.98%;-0.975;{'roe': 0.2, 'dividend_yield': 0.8}
212.56%;-121.62%;20.30%;-1.826;{'roe': 0.4, 'fcfy': 0.4, 'roic_wacc': 0.2}
212.53%;-121.65%;24.56%;-1.93;{'fcfy': 0.6, 'roic_wacc': 0.3, 'revenue_growth': 0.1}
211.83%;-122.34%;23.07%;-0.125;{'roe': 0.3, 'roic_wacc': 0.2, 'revenue_growth': 0.3, 'dividend_yield': 0.2}
211.80%;-122.38%;20.48%;-1.397;{'roe': 0.1, 'fcfy': 0.4, 'roic_wacc': 0.4, 'dividend_yield': 0.1}
210.91%;-123.27%;19.44%;-0.589;{'roe': 0.1, 'fcfy': 0.2, 'roic_wacc': 0.3, 'revenue_growth': 0.1, 'dividend_yield': 0.3}
210.16%;-124.02%;21.89%;-2.17;{'roe': 0.1, 'fcfy': 0.4, 'roic_wacc': 0.3, 'revenue_growth': 0.1, 'dividend_yield': 0.1}
209.79%;-124.38%;21.83%;-0.655;{'roe': 0.1, 'fcfy': 0.1, 'roic_wacc': 0.1, 'revenue_growth': 0.3, 'dividend_yield': 0.4}
209.65%;-124.52%;20.71%;-1.29;{'fcfy': 0.4, 'roic_wacc': 0.4, 'dividend_yield': 0.2}
209.64%;-124.54%;24.00%;-0.34;{'roe': 0.4, 'roic_wacc': 0.2, 'revenue_growth': 0.3, 'dividend_yield': 0.1}
209.48%;-124.69%;22.35%;-1.86;{'roe': 0.1, 'fcfy': 0.5, 'roic_wacc': 0.3, 'revenue_growth': 0.1}
209.22%;-124.96%;23.31%;-0.877;{'roe': 0.6, 'revenue_growth': 0.3, 'dividend_yield': 0.1}
208.82%;-125.36%;25.16%;-0.52;{'roe': 0.3, 'roic_wacc': 0.3, 'revenue_growth': 0.4}
208.68%;-125.50%;22.50%;-0.707;{'roe': 0.6, 'fcfy': 0.1, 'roic_wacc': 0.1, 'revenue_growth': 0.2}
208.63%;-125.55%;21.54%;-0.875;{'roe': 0.1, 'roic_wacc': 0.1, 'revenue_growth': 0.2, 'dividend_yield': 0.6}
208.45%;-125.72%;22.92%;-0.97;{'roe': 0.6, 'roic_wacc': 0.1, 'revenue_growth': 0.2, 'dividend_yield': 0.1}
208.45%;-125.73%;23.51%;-0.815;{'roe': 0.4, 'fcfy': 0.1, 'roic_wacc': 0.2, 'revenue_growth': 0.3}
208.27%;-125.91%;20.73%;-1.216;{'roe': 0.1, 'roic_wacc': 0.1, 'revenue_growth': 0.1, 'dividend_yield': 0.7}
208.03%;-126.15%;23.34%;-0.986;{'roe': 0.7, 'revenue_growth': 0.3}
207.98%;-126.20%;20.34%;-1.502;{'roe': 0.3, 'fcfy': 0.3, 'roic_wacc': 0.3, 'dividend_yield': 0.1}
207.68%;-126.50%;18.08%;-0.321;{'fcfy': 0.2, 'roic_wacc': 0.6, 'dividend_yield': 0.2}
207.38%;-126.79%;21.65%;-1.229;{'fcfy': 0.4, 'roic_wacc': 0.3, 'revenue_growth': 0.1, 'dividend_yield': 0.2}
207.06%;-127.12%;20.38%;-1.312;{'roe': 0.3, 'fcfy': 0.4, 'roic_wacc': 0.3}
206.98%;-127.19%;21.80%;-2.123;{'roe': 0.3, 'fcfy': 0.5, 'roic_wacc': 0.1, 'dividend_yield': 0.1}
206.66%;-127.52%;22.10%;-2.25;{'roe': 0.2, 'fcfy': 0.6, 'roic_wacc': 0.1, 'dividend_yield': 0.1}
206.62%;-127.55%;21.95%;-1.143;{'roe': 0.6, 'revenue_growth': 0.2, 'dividend_yield': 0.2}
206.55%;-127.63%;19.58%;-0.309;{'fcfy': 0.2, 'roic_wacc': 0.5, 'revenue_growth': 0.1, 'dividend_yield': 0.2}
206.50%;-127.68%;29.15%;-0.936;{'roe': 0.1, 'revenue_growth': 0.4, 'dividend_yield': 0.5}
206.17%;-128.00%;20.60%;-1.477;{'roe': 0.2, 'fcfy': 0.2, 'roic_wacc': 0.1, 'revenue_growth': 0.2, 'dividend_yield': 0.3}
205.80%;-128.37%;22.90%;-0.528;{'roe': 0.2, 'roic_wacc': 0.2, 'revenue_growth': 0.3, 'dividend_yield': 0.3}
205.56%;-128.62%;18.42%;-1.2;{'roe': 0.3, 'fcfy': 0.2, 'roic_wacc': 0.3, 'dividend_yield': 0.2}
205.39%;-128.79%;25.80%;-1.084;{'roe': 0.5, 'revenue_growth': 0.3, 'dividend_yield': 0.2}
204.82%;-129.35%;23.19%;-0.65;{'roe': 0.5, 'fcfy': 0.1, 'roic_wacc': 0.2, 'revenue_growth': 0.2}
204.17%;-130.00%;21.76%;-2.134;{'roe': 0.2, 'fcfy': 0.5, 'roic_wacc': 0.3}
203.55%;-130.63%;20.81%;-1.601;{'roe': 0.1, 'fcfy': 0.4, 'roic_wacc': 0.2, 'dividend_yield': 0.3}
201.91%;-132.26%;21.71%;-1.272;{'roe': 0.1, 'fcfy': 0.5, 'roic_wacc': 0.3, 'dividend_yield': 0.1}
201.69%;-132.48%;22.53%;-0.912;{'fcfy': 0.2, 'roic_wacc': 0.1, 'revenue_growth': 0.2, 'dividend_yield': 0.5}
201.29%;-132.88%;21.14%;-1.773;{'roe': 0.1, 'fcfy': 0.5, 'roic_wacc': 0.4}
200.98%;-133.20%;23.82%;-1.049;{'roe': 0.4, 'roic_wacc': 0.1, 'revenue_growth': 0.3, 'dividend_yield': 0.2}
200.90%;-133.27%;24.60%;-0.627;{'roe': 0.3, 'fcfy': 0.1, 'roic_wacc': 0.2, 'revenue_growth': 0.4}
200.47%;-133.71%;19.89%;-0.934;{'roic_wacc': 0.2, 'dividend_yield': 0.8}
199.97%;-134.21%;20.40%;-1.049;{'fcfy': 0.3, 'roic_wacc': 0.5, 'dividend_yield': 0.2}
198.75%;-135.43%;22.83%;-2.054;{'fcfy': 0.5, 'roic_wacc': 0.3, 'revenue_growth': 0.1, 'dividend_yield': 0.1}
198.57%;-135.61%;21.54%;-0.451;{'roic_wacc': 0.1, 'revenue_growth': 0.3, 'dividend_yield': 0.6}
197.29%;-136.88%;20.75%;-2.225;{'roe': 0.1, 'fcfy': 0.4, 'roic_wacc': 0.2, 'revenue_growth': 0.1, 'dividend_yield': 0.2}
196.85%;-137.33%;18.18%;-0.699;{'roic_wacc': 0.4, 'revenue_growth': 0.1, 'dividend_yield': 0.5}
196.53%;-137.65%;21.67%;-1.538;{'roe': 0.2, 'fcfy': 0.4, 'roic_wacc': 0.3, 'revenue_growth': 0.1}
194.93%;-139.24%;21.30%;0.033;{'fcfy': 0.1, 'roic_wacc': 0.2, 'revenue_growth': 0.3, 'dividend_yield': 0.4}
194.64%;-139.54%;22.06%;-1.272;{'fcfy': 0.5, 'roic_wacc': 0.3, 'dividend_yield': 0.2}
194.35%;-139.83%;22.80%;-0.886;{'roe': 0.2, 'fcfy': 0.1, 'roic_wacc': 0.2, 'revenue_growth': 0.3, 'dividend_yield': 0.2}
194.05%;-140.12%;21.24%;-1.72;{'roe': 0.3, 'fcfy': 0.5, 'roic_wacc': 0.2}
192.45%;-141.73%;23.75%;-0.782;{'roe': 0.6, 'roic_wacc': 0.1, 'revenue_growth': 0.3}
191.77%;-142.41%;19.95%;-0.604;{'roic_wacc': 0.2, 'revenue_growth': 0.2, 'dividend_yield': 0.6}
190.26%;-143.91%;23.10%;-1.314;{'fcfy': 0.5, 'roic_wacc': 0.2, 'dividend_yield': 0.3}
189.60%;-144.57%;23.19%;-1.195;{'fcfy': 0.6, 'roic_wacc': 0.2, 'dividend_yield': 0.2}
189.10%;-145.07%;23.62%;-1.459;{'roe': 0.3, 'fcfy': 0.6, 'roic_wacc': 0.1}
187.10%;-147.08%;21.70%;-1.18;{'roic_wacc': 0.1, 'revenue_growth': 0.1, 'dividend_yield': 0.8}
186.96%;-147.21%;22.24%;-1.944;{'roe': 0.2, 'fcfy': 0.6, 'roic_wacc': 0.2}
186.64%;-147.54%;21.49%;-2.123;{'roe': 0.2, 'fcfy': 0.5, 'roic_wacc': 0.2, 'dividend_yield': 0.1}
184.22%;-149.96%;22.12%;-1.283;{'roe': 0.1, 'fcfy': 0.1, 'roic_wacc': 0.2, 'revenue_growth': 0.3, 'dividend_yield': 0.3}
183.79%;-150.39%;21.16%;-0.903;{'roe': 0.1, 'fcfy': 0.2, 'roic_wacc': 0.1, 'revenue_growth': 0.2, 'dividend_yield': 0.4}
182.08%;-152.10%;25.01%;-0.829;{'roe': 0.4, 'fcfy': 0.1, 'roic_wacc': 0.1, 'revenue_growth': 0.3, 'dividend_yield': 0.1}
181.54%;-152.64%;21.13%;-1.722;{'roe': 0.1, 'roic_wacc': 0.3, 'revenue_growth': 0.2, 'dividend_yield': 0.4}
181.16%;-153.02%;22.57%;-0.738;{'roe': 0.3, 'fcfy': 0.1, 'roic_wacc': 0.1, 'revenue_growth': 0.3, 'dividend_yield': 0.2}
180.06%;-154.12%;22.13%;-0.582;{'roe': 0.1, 'roic_wacc': 0.1, 'revenue_growth': 0.3, 'dividend_yield': 0.5}
178.30%;-155.87%;26.04%;-0.95;{'roe': 0.5, 'fcfy': 0.1, 'roic_wacc': 0.1, 'revenue_growth': 0.3}
177.63%;-156.55%;20.98%;-0.99;{'roe': 0.1, 'fcfy': 0.1, 'roic_wacc': 0.2, 'revenue_growth': 0.2, 'dividend_yield': 0.4}
177.44%;-156.74%;22.68%;-1.34;{'roe': 0.2, 'fcfy': 0.1, 'roic_wacc': 0.1, 'revenue_growth': 0.3, 'dividend_yield': 0.3}
175.73%;-158.44%;21.43%;-1.489;{'fcfy': 0.5, 'roic_wacc': 0.4, 'dividend_yield': 0.1}
174.47%;-159.70%;25.56%;-0.673;{'roe': 0.5, 'roic_wacc': 0.2, 'revenue_growth': 0.3}
153.75%;-180.43%;19.35%;-1.345;{'fcfy': 0.1, 'roic_wacc': 0.2, 'revenue_growth': 0.2, 'dividend_yield': 0.5}