10 year total return;Excess return (over SIXPRX);Average (daily) excess return;Volatility;Information ratio;Parameters and weights
523.53%;383.96%;73.06%;1.613;0.453;{'roe': 0.3, 'fcfy': 0.3, 'roic_wacc': 0.1, 'revenue_growth': 0.3}
448.07%;308.49%;55.39%;1.403;0.395;{'roe': 0.3, 'fcfy': 0.3, 'revenue_growth': 0.4}
445.86%;306.28%;64.86%;1.429;0.454;{'roe': 0.3, 'fcfy': 0.2, 'roic_wacc': 0.1, 'revenue_growth': 0.4}
437.70%;298.13%;55.36%;1.357;0.408;{'roe': 0.1, 'fcfy': 0.4, 'roic_wacc': 0.1, 'revenue_growth': 0.3, 'dividend_yield': 0.1}
430.24%;290.67%;59.71%;1.272;0.469;{'fcfy': 0.1, 'roic_wacc': 0.5, 'revenue_growth': 0.4}
419.40%;279.83%;69.59%;1.333;0.522;{'fcfy': 0.3, 'roic_wacc': 0.4, 'revenue_growth': 0.3}
416.97%;277.39%;61.36%;1.284;0.478;{'fcfy': 0.2, 'roic_wacc': 0.5, 'revenue_growth': 0.3}
416.24%;276.67%;42.27%;1.279;0.33;{'roe': 0.2, 'fcfy': 0.4, 'roic_wacc': 0.1, 'revenue_growth': 0.3}
413.40%;273.83%;50.72%;1.225;0.414;{'roic_wacc': 0.5, 'revenue_growth': 0.5}
408.36%;268.78%;42.67%;1.354;0.315;{'roe': 0.2, 'fcfy': 0.1, 'roic_wacc': 0.1, 'revenue_growth': 0.6}
406.55%;266.98%;49.67%;1.333;0.372;{'roe': 0.3, 'fcfy': 0.4, 'revenue_growth': 0.3}
406.12%;266.54%;50.10%;1.267;0.395;{'roe': 0.1, 'fcfy': 0.3, 'roic_wacc': 0.3, 'revenue_growth': 0.3}
400.57%;261.00%;48.12%;1.312;0.367;{'roe': 0.3, 'revenue_growth': 0.7}
399.07%;259.50%;50.86%;1.302;0.391;{'roe': 0.3, 'fcfy': 0.1, 'roic_wacc': 0.1, 'revenue_growth': 0.5}
390.23%;250.66%;65.14%;1.228;0.531;{'fcfy': 0.5, 'roic_wacc': 0.4, 'revenue_growth': 0.1}
385.90%;246.33%;46.61%;1.248;0.374;{'roe': 0.2, 'fcfy': 0.3, 'revenue_growth': 0.4, 'dividend_yield': 0.1}
383.20%;243.63%;43.11%;1.211;0.356;{'roe': 0.1, 'fcfy': 0.2, 'roic_wacc': 0.4, 'revenue_growth': 0.3}
382.73%;243.16%;50.75%;1.198;0.424;{'fcfy': 0.5, 'roic_wacc': 0.3, 'revenue_growth': 0.2}
382.27%;242.70%;62.91%;1.287;0.489;{'roe': 0.2, 'fcfy': 0.4, 'revenue_growth': 0.3, 'dividend_yield': 0.1}
381.34%;241.76%;49.80%;1.183;0.421;{'fcfy': 0.2, 'roic_wacc': 0.4, 'revenue_growth': 0.4}
380.99%;241.42%;64.54%;1.214;0.532;{'fcfy': 0.6, 'roic_wacc': 0.3, 'revenue_growth': 0.1}
380.94%;241.36%;53.38%;1.18;0.452;{'roic_wacc': 0.6, 'revenue_growth': 0.4}
379.59%;240.02%;40.95%;1.224;0.334;{'roe': 0.2, 'fcfy': 0.4, 'revenue_growth': 0.4}
376.99%;237.42%;51.77%;1.177;0.44;{'fcfy': 0.4, 'roic_wacc': 0.4, 'revenue_growth': 0.2}
376.33%;236.75%;38.01%;1.157;0.329;{'roe': 0.1, 'fcfy': 0.1, 'roic_wacc': 0.4, 'revenue_growth': 0.4}
373.33%;233.75%;46.52%;1.16;0.401;{'roe': 0.1, 'roic_wacc': 0.5, 'revenue_growth': 0.4}
372.28%;232.71%;43.64%;1.191;0.366;{'fcfy': 0.4, 'roic_wacc': 0.3, 'revenue_growth': 0.3}
368.65%;229.08%;28.31%;1.175;0.241;{'roe': 0.1, 'fcfy': 0.4, 'roic_wacc': 0.2, 'revenue_growth': 0.3}
365.96%;226.38%;52.14%;1.267;0.411;{'roe': 0.4, 'fcfy': 0.3, 'revenue_growth': 0.3}
365.49%;225.91%;48.08%;1.218;0.395;{'roe': 0.4, 'fcfy': 0.2, 'revenue_growth': 0.4}
360.90%;221.32%;41.92%;1.147;0.366;{'roe': 0.1, 'fcfy': 0.2, 'roic_wacc': 0.2, 'revenue_growth': 0.4, 'dividend_yield': 0.1}
356.85%;217.28%;29.56%;1.133;0.261;{'roe': 0.2, 'roic_wacc': 0.1, 'revenue_growth': 0.7}
355.24%;215.66%;37.93%;1.152;0.329;{'fcfy': 0.6, 'roic_wacc': 0.2, 'revenue_growth': 0.2}
352.73%;213.15%;40.83%;1.179;0.346;{'roe': 0.2, 'fcfy': 0.2, 'roic_wacc': 0.3, 'revenue_growth': 0.3}
352.42%;212.84%;59.90%;1.12;0.535;{'fcfy': 0.2, 'roic_wacc': 0.8}
352.27%;212.70%;19.03%;1.124;0.169;{'fcfy': 0.3, 'roic_wacc': 0.2, 'revenue_growth': 0.4, 'dividend_yield': 0.1}
351.73%;212.15%;55.84%;1.128;0.495;{'fcfy': 0.3, 'roic_wacc': 0.6, 'revenue_growth': 0.1}
351.70%;212.13%;42.88%;1.155;0.371;{'roe': 0.3, 'fcfy': 0.2, 'roic_wacc': 0.2, 'revenue_growth': 0.3}
349.45%;209.87%;65.16%;1.121;0.581;{'fcfy': 0.3, 'roic_wacc': 0.7}
348.40%;208.83%;24.83%;1.081;0.23;{'fcfy': 0.4, 'roic_wacc': 0.2, 'revenue_growth': 0.3, 'dividend_yield': 0.1}
347.84%;208.27%;25.12%;1.065;0.236;{'roe': 0.1, 'roic_wacc': 0.4, 'revenue_growth': 0.5}
346.24%;206.66%;40.66%;1.148;0.354;{'roe': 0.3, 'fcfy': 0.1, 'revenue_growth': 0.5, 'dividend_yield': 0.1}
345.77%;206.19%;52.92%;1.187;0.446;{'fcfy': 0.3, 'roic_wacc': 0.5, 'revenue_growth': 0.2}
345.68%;206.11%;34.91%;1.154;0.303;{'roe': 0.2, 'fcfy': 0.3, 'roic_wacc': 0.1, 'revenue_growth': 0.4}
345.16%;205.59%;32.20%;1.073;0.3;{'roe': 0.2, 'fcfy': 0.2, 'roic_wacc': 0.1, 'revenue_growth': 0.4, 'dividend_yield': 0.1}
344.64%;205.07%;54.69%;1.211;0.452;{'roe': 0.3, 'fcfy': 0.3, 'revenue_growth': 0.3, 'dividend_yield': 0.1}
343.94%;204.36%;26.35%;1.109;0.238;{'roe': 0.1, 'fcfy': 0.3, 'roic_wacc': 0.1, 'revenue_growth': 0.4, 'dividend_yield': 0.1}
342.48%;202.91%;55.07%;1.084;0.508;{'roic_wacc': 0.8, 'revenue_growth': 0.2}
341.51%;201.93%;11.34%;1.1;0.103;{'roe': 0.1, 'roic_wacc': 0.2, 'revenue_growth': 0.7}
341.20%;201.62%;38.54%;1.105;0.349;{'roe': 0.4, 'fcfy': 0.1, 'revenue_growth': 0.5}
340.48%;200.90%;37.03%;1.142;0.324;{'roe': 0.2, 'fcfy': 0.5, 'revenue_growth': 0.3}
338.97%;199.39%;36.50%;1.065;0.343;{'fcfy': 0.2, 'roic_wacc': 0.3, 'revenue_growth': 0.4, 'dividend_yield': 0.1}
338.10%;198.53%;21.07%;1.052;0.2;{'roe': 0.2, 'roic_wacc': 0.3, 'revenue_growth': 0.5}
337.37%;197.79%;38.57%;1.048;0.368;{'fcfy': 0.1, 'roic_wacc': 0.6, 'revenue_growth': 0.3}
337.18%;197.60%;58.83%;1.115;0.528;{'fcfy': 0.1, 'roic_wacc': 0.7, 'revenue_growth': 0.2}
335.52%;195.95%;66.64%;1.157;0.576;{'fcfy': 0.6, 'roic_wacc': 0.4}
335.44%;195.87%;17.91%;1.125;0.159;{'roe': 0.1, 'fcfy': 0.1, 'roic_wacc': 0.1, 'revenue_growth': 0.6, 'dividend_yield': 0.1}
335.43%;195.86%;46.77%;1.072;0.436;{'roe': 0.1, 'fcfy': 0.3, 'roic_wacc': 0.5, 'revenue_growth': 0.1}
335.22%;195.65%;54.76%;1.102;0.497;{'fcfy': 0.2, 'roic_wacc': 0.7, 'revenue_growth': 0.1}
335.20%;195.62%;52.33%;1.185;0.442;{'roe': 0.3, 'fcfy': 0.2, 'revenue_growth': 0.4, 'dividend_yield': 0.1}
333.50%;193.92%;52.17%;1.055;0.495;{'roe': 0.1, 'fcfy': 0.1, 'roic_wacc': 0.8}
332.73%;193.16%;28.18%;0.99;0.285;{'fcfy': 0.3, 'roic_wacc': 0.3, 'revenue_growth': 0.3, 'dividend_yield': 0.1}
331.88%;192.31%;26.21%;1.051;0.249;{'roe': 0.2, 'roic_wacc': 0.1, 'revenue_growth': 0.6, 'dividend_yield': 0.1}
331.11%;191.53%;23.84%;1.054;0.226;{'roe': 0.2, 'fcfy': 0.3, 'roic_wacc': 0.2, 'revenue_growth': 0.3}
330.56%;190.98%;30.46%;1.055;0.289;{'roe': 0.2, 'fcfy': 0.2, 'revenue_growth': 0.5, 'dividend_yield': 0.1}
330.37%;190.80%;50.71%;1.07;0.474;{'roe': 0.1, 'fcfy': 0.3, 'roic_wacc': 0.4, 'revenue_growth': 0.1, 'dividend_yield': 0.1}
328.81%;189.24%;54.51%;1.094;0.498;{'roe': 0.1, 'roic_wacc': 0.6, 'revenue_growth': 0.2, 'dividend_yield': 0.1}
326.70%;187.13%;28.87%;1.055;0.274;{'roe': 0.1, 'fcfy': 0.4, 'roic_wacc': 0.3, 'revenue_growth': 0.2}
325.18%;185.61%;45.24%;1.034;0.437;{'fcfy': 0.1, 'roic_wacc': 0.2, 'revenue_growth': 0.4, 'dividend_yield': 0.3}
325.13%;185.56%;40.03%;1.121;0.357;{'roe': 0.2, 'fcfy': 0.5, 'roic_wacc': 0.1, 'revenue_growth': 0.2}
324.46%;184.88%;39.19%;1.069;0.367;{'roe': 0.1, 'fcfy': 0.1, 'roic_wacc': 0.5, 'revenue_growth': 0.3}
324.45%;184.88%;56.97%;1.084;0.526;{'fcfy': 0.4, 'roic_wacc': 0.5, 'revenue_growth': 0.1}
324.23%;184.65%;55.69%;1.011;0.551;{'fcfy': 0.1, 'roic_wacc': 0.9}
323.16%;183.58%;39.41%;1.11;0.355;{'roe': 0.3, 'revenue_growth': 0.6, 'dividend_yield': 0.1}
322.41%;182.83%;30.89%;1.064;0.29;{'roe': 0.2, 'roic_wacc': 0.2, 'revenue_growth': 0.5, 'dividend_yield': 0.1}
321.19%;181.62%;43.75%;1.072;0.408;{'roe': 0.4, 'fcfy': 0.1, 'roic_wacc': 0.2, 'revenue_growth': 0.2, 'dividend_yield': 0.1}
320.73%;181.16%;48.29%;1.052;0.459;{'fcfy': 0.1, 'roic_wacc': 0.6, 'revenue_growth': 0.2, 'dividend_yield': 0.1}
320.63%;181.06%;55.89%;1.075;0.52;{'fcfy': 0.5, 'roic_wacc': 0.5}
319.23%;179.65%;12.10%;1.066;0.114;{'roe': 0.1, 'fcfy': 0.1, 'roic_wacc': 0.2, 'revenue_growth': 0.6}
318.85%;179.28%;49.02%;1.038;0.472;{'roe': 0.1, 'fcfy': 0.2, 'roic_wacc': 0.6, 'revenue_growth': 0.1}
318.72%;179.15%;71.02%;1.161;0.612;{'fcfy': 0.7, 'roic_wacc': 0.3}
318.56%;178.99%;16.39%;1.096;0.149;{'fcfy': 0.5, 'roic_wacc': 0.1, 'revenue_growth': 0.4}
318.41%;178.84%;30.62%;1.068;0.287;{'roe': 0.2, 'fcfy': 0.4, 'roic_wacc': 0.2, 'revenue_growth': 0.2}
317.26%;177.68%;49.07%;1.027;0.478;{'roe': 0.1, 'fcfy': 0.1, 'roic_wacc': 0.7, 'revenue_growth': 0.1}
316.97%;177.39%;51.03%;1.056;0.483;{'roic_wacc': 0.7, 'revenue_growth': 0.2, 'dividend_yield': 0.1}
316.90%;177.33%;49.46%;1.023;0.484;{'roe': 0.2, 'roic_wacc': 0.8}
316.88%;177.31%;43.75%;1.159;0.377;{'roe': 0.2, 'fcfy': 0.6, 'revenue_growth': 0.2}
316.34%;176.77%;49.67%;1.03;0.482;{'roe': 0.1, 'fcfy': 0.2, 'roic_wacc': 0.5, 'revenue_growth': 0.1, 'dividend_yield': 0.1}
315.08%;175.50%;52.08%;1.018;0.511;{'roic_wacc': 0.9, 'revenue_growth': 0.1}
313.11%;173.53%;54.60%;1.058;0.516;{'roe': 0.2, 'fcfy': 0.1, 'roic_wacc': 0.1, 'revenue_growth': 0.3, 'dividend_yield': 0.3}
313.02%;173.44%;29.06%;1.01;0.288;{'roe': 0.1, 'roic_wacc': 0.3, 'revenue_growth': 0.5, 'dividend_yield': 0.1}
312.70%;173.13%;59.76%;1.193;0.501;{'roe': 0.2, 'fcfy': 0.7, 'revenue_growth': 0.1}
312.47%;172.89%;43.98%;1.069;0.412;{'roe': 0.1, 'fcfy': 0.2, 'roic_wacc': 0.5, 'revenue_growth': 0.2}
311.31%;171.73%;48.66%;1.015;0.479;{'fcfy': 0.1, 'roic_wacc': 0.7, 'revenue_growth': 0.1, 'dividend_yield': 0.1}
311.29%;171.72%;40.84%;1.069;0.382;{'roe': 0.4, 'fcfy': 0.2, 'roic_wacc': 0.1, 'revenue_growth': 0.3}
309.76%;170.19%;65.74%;1.036;0.634;{'roe': 0.1, 'fcfy': 0.7, 'dividend_yield': 0.2}
309.66%;170.08%;27.84%;1.059;0.263;{'roe': 0.2, 'fcfy': 0.1, 'revenue_growth': 0.6, 'dividend_yield': 0.1}
309.10%;169.53%;29.40%;1.007;0.292;{'roic_wacc': 0.4, 'revenue_growth': 0.5, 'dividend_yield': 0.1}
308.93%;169.35%;17.06%;1.065;0.16;{'roe': 0.1, 'fcfy': 0.2, 'revenue_growth': 0.6, 'dividend_yield': 0.1}
308.52%;168.95%;48.70%;1.147;0.425;{'roe': 0.1, 'fcfy': 0.7, 'roic_wacc': 0.1, 'revenue_growth': 0.1}
308.20%;168.62%;54.68%;0.968;0.565;{'fcfy': 0.1, 'roic_wacc': 0.8, 'dividend_yield': 0.1}
307.42%;167.84%;14.65%;1.069;0.137;{'fcfy': 0.3, 'roic_wacc': 0.2, 'revenue_growth': 0.5}
307.29%;167.71%;46.21%;0.978;0.473;{'roe': 0.3, 'dividend_yield': 0.7}
307.07%;167.50%;45.28%;0.991;0.457;{'roe': 0.1, 'fcfy': 0.3, 'roic_wacc': 0.6}
307.05%;167.48%;47.03%;0.971;0.484;{'roe': 0.1, 'roic_wacc': 0.9}
306.75%;167.18%;48.45%;0.959;0.505;{'roe': 0.3, 'roic_wacc': 0.1, 'revenue_growth': 0.3, 'dividend_yield': 0.3}
306.11%;166.53%;41.46%;1.03;0.402;{'fcfy': 0.2, 'roic_wacc': 0.6, 'revenue_growth': 0.2}
306.07%;166.50%;17.71%;1.016;0.174;{'roe': 0.1, 'fcfy': 0.5, 'roic_wacc': 0.1, 'revenue_growth': 0.3}
305.76%;166.19%;55.81%;1.007;0.554;{'roe': 0.2, 'fcfy': 0.1, 'revenue_growth': 0.1, 'dividend_yield': 0.6}
305.54%;165.96%;54.00%;0.961;0.562;{'fcfy': 0.2, 'roic_wacc': 0.7, 'dividend_yield': 0.1}
305.39%;165.81%;22.69%;1.041;0.218;{'roe': 0.2, 'fcfy': 0.3, 'revenue_growth': 0.5}
305.25%;165.67%;30.79%;0.988;0.311;{'roe': 0.1, 'fcfy': 0.1, 'roic_wacc': 0.3, 'revenue_growth': 0.4, 'dividend_yield': 0.1}
305.18%;165.60%;46.99%;1;0.47;{'fcfy': 0.4, 'roic_wacc': 0.4, 'revenue_growth': 0.1, 'dividend_yield': 0.1}
305.17%;165.60%;22.25%;0.992;0.224;{'roe': 0.1, 'fcfy': 0.5, 'roic_wacc': 0.2, 'revenue_growth': 0.2}
305.14%;165.57%;33.54%;1.004;0.334;{'roe': 0.1, 'fcfy': 0.3, 'roic_wacc': 0.4, 'revenue_growth': 0.2}
304.98%;165.41%;43.31%;0.949;0.456;{'roe': 0.1, 'roic_wacc': 0.7, 'revenue_growth': 0.1, 'dividend_yield': 0.1}
304.54%;164.97%;38.36%;1.034;0.371;{'roe': 0.5, 'fcfy': 0.1, 'roic_wacc': 0.1, 'revenue_growth': 0.3}
304.19%;164.61%;27.57%;0.984;0.28;{'roe': 0.2, 'fcfy': 0.1, 'roic_wacc': 0.1, 'revenue_growth': 0.5, 'dividend_yield': 0.1}
304.08%;164.51%;7.18%;0.987;0.073;{'fcfy': 0.1, 'roic_wacc': 0.3, 'revenue_growth': 0.6}
303.63%;164.05%;26.13%;0.996;0.262;{'roe': 0.4, 'revenue_growth': 0.6}
303.58%;164.01%;14.70%;1.048;0.14;{'roe': 0.1, 'fcfy': 0.3, 'roic_wacc': 0.2, 'revenue_growth': 0.4}
303.34%;163.77%;34.42%;0.972;0.354;{'roic_wacc': 0.7, 'revenue_growth': 0.3}
303.26%;163.68%;32.35%;1.019;0.318;{'roe': 0.3, 'fcfy': 0.3, 'roic_wacc': 0.2, 'revenue_growth': 0.2}
302.91%;163.34%;8.83%;0.967;0.091;{'roe': 0.1, 'fcfy': 0.1, 'roic_wacc': 0.3, 'revenue_growth': 0.5}
302.55%;162.98%;33.41%;1.006;0.332;{'roe': 0.1, 'fcfy': 0.2, 'roic_wacc': 0.1, 'revenue_growth': 0.4, 'dividend_yield': 0.2}
302.46%;162.89%;15.34%;1.045;0.147;{'roe': 0.1, 'fcfy': 0.1, 'revenue_growth': 0.8}
302.33%;162.75%;43.38%;0.958;0.453;{'fcfy': 0.3, 'roic_wacc': 0.5, 'revenue_growth': 0.1, 'dividend_yield': 0.1}
302.32%;162.75%;41.13%;1.01;0.407;{'roe': 0.3, 'roic_wacc': 0.7}
301.51%;161.94%;14.68%;0.966;0.152;{'fcfy': 0.1, 'roic_wacc': 0.3, 'revenue_growth': 0.5, 'dividend_yield': 0.1}
300.48%;160.90%;25.46%;0.996;0.256;{'roe': 0.2, 'fcfy': 0.3, 'roic_wacc': 0.3, 'revenue_growth': 0.2}
300.20%;160.63%;44.48%;1.021;0.436;{'roe': 0.2, 'fcfy': 0.1, 'roic_wacc': 0.5, 'revenue_growth': 0.1, 'dividend_yield': 0.1}
299.97%;160.39%;13.35%;0.947;0.141;{'roe': 0.2, 'fcfy': 0.1, 'roic_wacc': 0.3, 'revenue_growth': 0.4}
299.89%;160.31%;15.80%;1.044;0.151;{'roe': 0.1, 'fcfy': 0.3, 'roic_wacc': 0.1, 'revenue_growth': 0.5}
299.85%;160.28%;34.84%;1.053;0.331;{'roe': 0.5, 'roic_wacc': 0.1, 'revenue_growth': 0.4}
299.78%;160.20%;46.01%;1.143;0.402;{'roe': 0.4, 'fcfy': 0.4, 'revenue_growth': 0.2}
299.71%;160.14%;45.35%;0.97;0.467;{'fcfy': 0.1, 'roic_wacc': 0.8, 'revenue_growth': 0.1}
299.12%;159.54%;14.13%;1.015;0.139;{'roe': 0.1, 'fcfy': 0.2, 'revenue_growth': 0.7}
298.91%;159.34%;47.47%;1.05;0.452;{'roe': 0.3, 'fcfy': 0.1, 'roic_wacc': 0.1, 'revenue_growth': 0.3, 'dividend_yield': 0.2}
298.81%;159.24%;23.84%;1.042;0.229;{'roe': 0.1, 'fcfy': 0.3, 'revenue_growth': 0.4, 'dividend_yield': 0.2}
298.52%;158.94%;46.03%;1.062;0.433;{'roe': 0.4, 'fcfy': 0.3, 'roic_wacc': 0.1, 'revenue_growth': 0.2}
298.40%;158.83%;39.58%;0.952;0.416;{'roe': 0.1, 'fcfy': 0.2, 'roic_wacc': 0.7}
297.56%;157.98%;10.57%;0.951;0.111;{'fcfy': 0.1, 'roic_wacc': 0.4, 'revenue_growth': 0.5}
297.44%;157.86%;15.46%;1.009;0.153;{'roe': 0.2, 'fcfy': 0.2, 'roic_wacc': 0.1, 'revenue_growth': 0.5}
296.83%;157.26%;41.25%;0.94;0.439;{'roe': 0.2, 'fcfy': 0.1, 'roic_wacc': 0.7}
296.55%;156.97%;44.06%;0.975;0.452;{'roic_wacc': 0.8, 'revenue_growth': 0.1, 'dividend_yield': 0.1}
296.49%;156.91%;14.91%;0.951;0.157;{'roe': 0.1, 'fcfy': 0.2, 'roic_wacc': 0.3, 'revenue_growth': 0.4}
296.41%;156.84%;33.75%;1.02;0.331;{'roe': 0.4, 'roic_wacc': 0.1, 'revenue_growth': 0.4, 'dividend_yield': 0.1}
296.17%;156.59%;43.54%;1.043;0.418;{'roe': 0.2, 'fcfy': 0.2, 'roic_wacc': 0.1, 'revenue_growth': 0.3, 'dividend_yield': 0.2}
296.06%;156.48%;52.67%;1.017;0.518;{'roe': 0.1, 'fcfy': 0.1, 'roic_wacc': 0.6, 'revenue_growth': 0.1, 'dividend_yield': 0.1}
295.79%;156.22%;45.78%;0.949;0.483;{'fcfy': 0.2, 'roic_wacc': 0.6, 'revenue_growth': 0.1, 'dividend_yield': 0.1}
295.53%;155.96%;12.15%;1.039;0.117;{'roe': 0.2, 'fcfy': 0.2, 'revenue_growth': 0.6}
295.28%;155.71%;36.11%;1.035;0.349;{'roe': 0.5, 'revenue_growth': 0.5}
294.74%;155.17%;23.97%;0.988;0.243;{'roe': 0.3, 'roic_wacc': 0.2, 'revenue_growth': 0.5}
294.72%;155.15%;44.28%;1.079;0.411;{'roe': 0.5, 'revenue_growth': 0.4, 'dividend_yield': 0.1}
293.68%;154.10%;37.74%;1.047;0.36;{'roe': 0.2, 'fcfy': 0.1, 'roic_wacc': 0.1, 'revenue_growth': 0.4, 'dividend_yield': 0.2}
293.25%;153.67%;47.49%;0.959;0.495;{'roe': 0.1, 'roic_wacc': 0.8, 'revenue_growth': 0.1}
293.02%;153.45%;45.84%;0.925;0.495;{'roic_wacc': 0.9, 'dividend_yield': 0.1}
292.21%;152.63%;44.34%;0.997;0.445;{'roe': 0.6, 'fcfy': 0.1, 'roic_wacc': 0.1, 'revenue_growth': 0.1, 'dividend_yield': 0.1}
291.86%;152.28%;4.74%;0.973;0.049;{'fcfy': 0.1, 'roic_wacc': 0.2, 'revenue_growth': 0.6, 'dividend_yield': 0.1}
291.84%;152.26%;25.12%;0.928;0.271;{'roe': 0.2, 'fcfy': 0.3, 'roic_wacc': 0.1, 'revenue_growth': 0.3, 'dividend_yield': 0.1}
291.81%;152.23%;48.82%;0.977;0.5;{'roe': 0.1, 'fcfy': 0.1, 'roic_wacc': 0.2, 'revenue_growth': 0.3, 'dividend_yield': 0.3}
291.76%;152.19%;10.09%;0.997;0.101;{'roe': 0.1, 'fcfy': 0.2, 'roic_wacc': 0.1, 'revenue_growth': 0.5, 'dividend_yield': 0.1}
291.72%;152.15%;37.51%;0.994;0.378;{'roe': 0.4, 'roic_wacc': 0.2, 'revenue_growth': 0.3, 'dividend_yield': 0.1}
291.67%;152.09%;46.04%;0.928;0.496;{'roe': 0.2, 'revenue_growth': 0.1, 'dividend_yield': 0.7}
291.35%;151.77%;49.04%;0.954;0.514;{'roe': 0.1, 'fcfy': 0.4, 'roic_wacc': 0.4, 'dividend_yield': 0.1}
291.05%;151.48%;28.42%;1.015;0.28;{'roe': 0.1, 'fcfy': 0.5, 'revenue_growth': 0.3, 'dividend_yield': 0.1}
290.71%;151.13%;2.67%;0.921;0.029;{'roic_wacc': 0.4, 'revenue_growth': 0.6}
290.66%;151.09%;47.18%;1.044;0.452;{'roe': 0.1, 'fcfy': 0.7, 'revenue_growth': 0.1, 'dividend_yield': 0.1}
290.20%;150.62%;19.22%;0.996;0.193;{'roe': 0.2, 'revenue_growth': 0.7, 'dividend_yield': 0.1}
289.70%;150.13%;6.87%;0.947;0.073;{'fcfy': 0.5, 'roic_wacc': 0.1, 'revenue_growth': 0.3, 'dividend_yield': 0.1}
289.47%;149.89%;39.28%;1.013;0.388;{'roe': 0.3, 'fcfy': 0.2, 'roic_wacc': 0.3, 'revenue_growth': 0.1, 'dividend_yield': 0.1}
289.47%;149.89%;29.60%;0.984;0.301;{'roe': 0.4, 'roic_wacc': 0.2, 'revenue_growth': 0.4}
289.39%;149.81%;12.10%;0.94;0.129;{'roe': 0.2, 'fcfy': 0.1, 'roic_wacc': 0.2, 'revenue_growth': 0.5}
289.38%;149.81%;34.06%;0.975;0.349;{'roe': 0.5, 'fcfy': 0.1, 'roic_wacc': 0.1, 'revenue_growth': 0.2, 'dividend_yield': 0.1}
289.15%;149.58%;14.82%;0.893;0.166;{'fcfy': 0.3, 'roic_wacc': 0.1, 'revenue_growth': 0.4, 'dividend_yield': 0.2}
289.12%;149.54%;0.57%;0.996;0.006;{'fcfy': 0.2, 'roic_wacc': 0.2, 'revenue_growth': 0.6}
289.11%;149.54%;11.78%;0.945;0.125;{'roe': 0.3, 'roic_wacc': 0.1, 'revenue_growth': 0.6}
289.02%;149.45%;6.13%;0.966;0.063;{'fcfy': 0.5, 'roic_wacc': 0.2, 'revenue_growth': 0.3}
288.71%;149.14%;27.41%;0.973;0.282;{'roe': 0.4, 'fcfy': 0.1, 'roic_wacc': 0.2, 'revenue_growth': 0.3}
288.48%;148.90%;31.13%;0.923;0.337;{'roe': 0.1, 'fcfy': 0.1, 'roic_wacc': 0.2, 'revenue_growth': 0.4, 'dividend_yield': 0.2}
288.11%;148.54%;57.00%;0.997;0.571;{'roe': 0.2, 'fcfy': 0.5, 'dividend_yield': 0.3}
287.95%;148.38%;32.89%;0.902;0.365;{'roe': 0.2, 'roic_wacc': 0.7, 'revenue_growth': 0.1}
287.64%;148.07%;24.48%;0.932;0.263;{'fcfy': 0.1, 'roic_wacc': 0.4, 'revenue_growth': 0.4, 'dividend_yield': 0.1}
287.62%;148.04%;10.55%;0.966;0.109;{'roe': 0.1, 'fcfy': 0.4, 'roic_wacc': 0.1, 'revenue_growth': 0.4}
287.28%;147.71%;18.54%;0.889;0.209;{'roe': 0.1, 'fcfy': 0.3, 'roic_wacc': 0.2, 'revenue_growth': 0.3, 'dividend_yield': 0.1}
286.92%;147.35%;51.35%;0.969;0.53;{'fcfy': 0.3, 'roic_wacc': 0.6, 'dividend_yield': 0.1}
286.84%;147.27%;31.99%;0.963;0.332;{'roe': 0.3, 'roic_wacc': 0.1, 'revenue_growth': 0.5, 'dividend_yield': 0.1}
286.33%;146.76%;26.15%;0.975;0.268;{'roe': 0.7, 'roic_wacc': 0.1, 'revenue_growth': 0.2}
286.33%;146.76%;52.21%;0.969;0.539;{'fcfy': 0.4, 'roic_wacc': 0.5, 'dividend_yield': 0.1}
286.22%;146.65%;6.65%;0.914;0.073;{'roic_wacc': 0.3, 'revenue_growth': 0.6, 'dividend_yield': 0.1}
285.98%;146.40%;46.81%;0.962;0.487;{'roe': 0.1, 'fcfy': 0.1, 'roic_wacc': 0.1, 'revenue_growth': 0.3, 'dividend_yield': 0.4}
285.50%;145.92%;30.38%;0.96;0.316;{'roe': 0.1, 'fcfy': 0.3, 'roic_wacc': 0.1, 'revenue_growth': 0.3, 'dividend_yield': 0.2}
285.16%;145.58%;32.89%;0.982;0.335;{'roe': 0.2, 'fcfy': 0.1, 'roic_wacc': 0.5, 'revenue_growth': 0.2}
285.00%;145.42%;35.91%;0.956;0.376;{'roe': 0.1, 'fcfy': 0.1, 'roic_wacc': 0.1, 'revenue_growth': 0.4, 'dividend_yield': 0.3}
284.84%;145.26%;-2.47%;0.924;-0.027;{'roic_wacc': 0.3, 'revenue_growth': 0.7}
284.77%;145.20%;37.11%;0.947;0.392;{'roe': 0.5, 'roic_wacc': 0.2, 'revenue_growth': 0.2, 'dividend_yield': 0.1}
284.70%;145.13%;59.24%;0.973;0.609;{'fcfy': 0.3, 'roic_wacc': 0.2, 'revenue_growth': 0.2, 'dividend_yield': 0.3}
284.52%;144.94%;29.09%;1.004;0.29;{'roe': 0.6, 'fcfy': 0.1, 'roic_wacc': 0.1, 'revenue_growth': 0.2}
284.34%;144.76%;46.73%;0.89;0.525;{'roe': 0.2, 'roic_wacc': 0.2, 'revenue_growth': 0.3, 'dividend_yield': 0.3}
284.21%;144.63%;27.67%;0.979;0.283;{'roe': 0.3, 'fcfy': 0.1, 'roic_wacc': 0.3, 'revenue_growth': 0.3}
284.08%;144.51%;51.96%;0.97;0.536;{'roic_wacc': 0.3, 'revenue_growth': 0.3, 'dividend_yield': 0.4}
283.19%;143.62%;41.32%;0.964;0.429;{'roe': 0.2, 'fcfy': 0.3, 'roic_wacc': 0.5}
283.13%;143.55%;41.85%;0.917;0.457;{'roe': 0.2, 'roic_wacc': 0.6, 'revenue_growth': 0.1, 'dividend_yield': 0.1}
282.54%;142.96%;30.69%;0.964;0.318;{'roe': 0.5, 'roic_wacc': 0.2, 'revenue_growth': 0.3}
282.37%;142.79%;30.68%;0.919;0.334;{'roic_wacc': 0.2, 'revenue_growth': 0.5, 'dividend_yield': 0.3}
281.77%;142.19%;33.38%;0.925;0.361;{'fcfy': 0.1, 'roic_wacc': 0.5, 'revenue_growth': 0.2, 'dividend_yield': 0.2}
281.49%;141.91%;14.39%;0.857;0.168;{'fcfy': 0.2, 'roic_wacc': 0.2, 'revenue_growth': 0.4, 'dividend_yield': 0.2}
281.41%;141.84%;33.08%;0.953;0.347;{'roe': 0.4, 'roic_wacc': 0.1, 'revenue_growth': 0.3, 'dividend_yield': 0.2}
280.83%;141.26%;28.40%;0.97;0.293;{'roe': 0.1, 'fcfy': 0.5, 'roic_wacc': 0.3, 'revenue_growth': 0.1}
280.66%;141.09%;28.83%;0.955;0.302;{'roe': 0.4, 'fcfy': 0.2, 'roic_wacc': 0.2, 'revenue_growth': 0.2}
280.23%;140.65%;28.72%;0.946;0.304;{'roe': 0.4, 'roic_wacc': 0.3, 'revenue_growth': 0.3}
280.09%;140.51%;30.77%;0.971;0.317;{'roe': 0.3, 'fcfy': 0.1, 'roic_wacc': 0.1, 'revenue_growth': 0.4, 'dividend_yield': 0.1}
279.99%;140.42%;26.17%;1.01;0.259;{'roe': 0.1, 'fcfy': 0.6, 'roic_wacc': 0.1, 'revenue_growth': 0.2}
279.87%;140.30%;29.28%;0.915;0.32;{'fcfy': 0.2, 'roic_wacc': 0.5, 'revenue_growth': 0.2, 'dividend_yield': 0.1}
279.77%;140.19%;51.04%;0.976;0.523;{'roe': 0.1, 'fcfy': 0.5, 'roic_wacc': 0.1, 'dividend_yield': 0.3}
279.28%;139.70%;10.35%;0.975;0.106;{'fcfy': 0.5, 'revenue_growth': 0.5}
279.00%;139.42%;36.86%;0.919;0.401;{'roe': 0.1, 'fcfy': 0.4, 'roic_wacc': 0.5}
278.80%;139.23%;28.94%;0.933;0.31;{'roe': 0.1, 'roic_wacc': 0.6, 'revenue_growth': 0.3}
278.62%;139.05%;8.66%;0.972;0.089;{'roe': 0.1, 'fcfy': 0.3, 'revenue_growth': 0.5, 'dividend_yield': 0.1}
278.08%;138.51%;46.26%;0.989;0.468;{'roe': 0.1, 'fcfy': 0.5, 'roic_wacc': 0.4}
277.82%;138.25%;3.25%;0.911;0.036;{'roe': 0.1, 'roic_wacc': 0.1, 'revenue_growth': 0.8}
277.72%;138.14%;48.89%;0.904;0.541;{'fcfy': 0.1, 'roic_wacc': 0.3, 'revenue_growth': 0.2, 'dividend_yield': 0.4}
277.69%;138.12%;32.07%;0.953;0.337;{'roe': 0.2, 'fcfy': 0.2, 'roic_wacc': 0.2, 'revenue_growth': 0.3, 'dividend_yield': 0.1}
277.03%;137.45%;0.75%;0.922;0.008;{'fcfy': 0.4, 'roic_wacc': 0.2, 'revenue_growth': 0.4}
276.99%;137.42%;25.38%;0.907;0.28;{'fcfy': 0.4, 'roic_wacc': 0.1, 'revenue_growth': 0.3, 'dividend_yield': 0.2}
276.96%;137.38%;27.81%;0.969;0.287;{'roe': 0.4, 'roic_wacc': 0.1, 'revenue_growth': 0.5}
276.73%;137.15%;43.42%;0.93;0.467;{'roe': 0.1, 'fcfy': 0.2, 'roic_wacc': 0.1, 'revenue_growth': 0.3, 'dividend_yield': 0.3}
276.55%;136.97%;27.61%;0.932;0.296;{'roic_wacc': 0.6, 'revenue_growth': 0.3, 'dividend_yield': 0.1}
276.34%;136.76%;41.24%;0.934;0.442;{'fcfy': 0.1, 'roic_wacc': 0.1, 'revenue_growth': 0.4, 'dividend_yield': 0.4}
276.28%;136.70%;22.05%;0.896;0.246;{'fcfy': 0.3, 'roic_wacc': 0.2, 'revenue_growth': 0.3, 'dividend_yield': 0.2}
276.27%;136.70%;41.19%;0.888;0.464;{'roe': 0.1, 'roic_wacc': 0.8, 'dividend_yield': 0.1}
276.22%;136.65%;15.85%;0.936;0.169;{'roe': 0.3, 'fcfy': 0.1, 'revenue_growth': 0.6}
275.75%;136.17%;-1.10%;0.903;-0.012;{'roe': 0.1, 'roic_wacc': 0.3, 'revenue_growth': 0.6}
275.44%;135.87%;33.02%;0.954;0.346;{'roe': 0.1, 'roic_wacc': 0.2, 'revenue_growth': 0.5, 'dividend_yield': 0.2}
275.37%;135.80%;24.34%;0.94;0.259;{'roe': 0.3, 'fcfy': 0.1, 'roic_wacc': 0.4, 'revenue_growth': 0.2}
275.33%;135.75%;47.28%;0.984;0.481;{'roe': 0.1, 'fcfy': 0.4, 'roic_wacc': 0.1, 'revenue_growth': 0.2, 'dividend_yield': 0.2}
275.26%;135.69%;31.59%;0.898;0.352;{'roe': 0.2, 'fcfy': 0.2, 'roic_wacc': 0.6}
274.71%;135.14%;-2.59%;0.934;-0.028;{'fcfy': 0.1, 'roic_wacc': 0.2, 'revenue_growth': 0.7}
274.61%;135.03%;4.96%;0.936;0.053;{'roe': 0.1, 'fcfy': 0.2, 'roic_wacc': 0.2, 'revenue_growth': 0.5}
274.44%;134.86%;35.78%;1.06;0.338;{'roe': 0.2, 'fcfy': 0.5, 'revenue_growth': 0.2, 'dividend_yield': 0.1}
274.01%;134.43%;31.14%;0.931;0.335;{'roe': 0.7, 'roic_wacc': 0.1, 'revenue_growth': 0.1, 'dividend_yield': 0.1}
273.82%;134.25%;51.11%;0.964;0.53;{'fcfy': 0.5, 'roic_wacc': 0.4, 'dividend_yield': 0.1}
273.61%;134.03%;26.18%;0.916;0.286;{'fcfy': 0.5, 'roic_wacc': 0.2, 'revenue_growth': 0.2, 'dividend_yield': 0.1}
273.13%;133.55%;27.60%;0.908;0.304;{'roic_wacc': 0.5, 'revenue_growth': 0.4, 'dividend_yield': 0.1}
272.93%;133.36%;21.94%;0.889;0.247;{'roe': 0.3, 'roic_wacc': 0.6, 'revenue_growth': 0.1}
272.87%;133.29%;39.53%;0.881;0.449;{'roe': 0.1, 'roic_wacc': 0.1, 'revenue_growth': 0.1, 'dividend_yield': 0.7}
272.83%;133.25%;37.32%;0.912;0.409;{'fcfy': 0.2, 'roic_wacc': 0.4, 'revenue_growth': 0.2, 'dividend_yield': 0.2}
272.82%;133.25%;8.58%;0.893;0.096;{'roe': 0.2, 'fcfy': 0.2, 'roic_wacc': 0.2, 'revenue_growth': 0.4}
272.78%;133.21%;26.67%;0.912;0.292;{'roe': 0.6, 'roic_wacc': 0.1, 'revenue_growth': 0.2, 'dividend_yield': 0.1}
272.46%;132.88%;-1.11%;0.906;-0.012;{'roe': 0.1, 'roic_wacc': 0.1, 'revenue_growth': 0.7, 'dividend_yield': 0.1}
272.43%;132.86%;22.81%;0.883;0.258;{'fcfy': 0.1, 'roic_wacc': 0.1, 'revenue_growth': 0.5, 'dividend_yield': 0.3}
272.39%;132.82%;26.63%;0.978;0.272;{'roe': 0.4, 'fcfy': 0.1, 'roic_wacc': 0.1, 'revenue_growth': 0.4}
272.32%;132.75%;41.64%;1.025;0.406;{'roe': 0.3, 'revenue_growth': 0.5, 'dividend_yield': 0.2}
272.27%;132.69%;19.59%;0.904;0.217;{'roe': 0.1, 'fcfy': 0.1, 'roic_wacc': 0.1, 'revenue_growth': 0.5, 'dividend_yield': 0.2}
272.05%;132.48%;42.54%;0.9;0.472;{'roe': 0.5, 'fcfy': 0.2, 'revenue_growth': 0.1, 'dividend_yield': 0.2}
271.84%;132.27%;31.37%;0.933;0.336;{'roe': 0.1, 'fcfy': 0.1, 'roic_wacc': 0.5, 'revenue_growth': 0.2, 'dividend_yield': 0.1}
270.39%;130.81%;45.81%;0.918;0.499;{'roe': 0.4, 'dividend_yield': 0.6}
270.27%;130.69%;42.86%;0.928;0.462;{'roe': 0.1, 'fcfy': 0.2, 'roic_wacc': 0.4, 'revenue_growth': 0.1, 'dividend_yield': 0.2}
270.02%;130.45%;19.91%;0.972;0.205;{'fcfy': 0.7, 'roic_wacc': 0.1, 'revenue_growth': 0.2}
269.96%;130.38%;33.22%;0.952;0.349;{'roe': 0.3, 'fcfy': 0.1, 'roic_wacc': 0.4, 'revenue_growth': 0.1, 'dividend_yield': 0.1}
269.83%;130.25%;46.06%;0.914;0.504;{'roe': 0.3, 'roic_wacc': 0.1, 'dividend_yield': 0.6}
269.68%;130.10%;3.74%;0.972;0.039;{'roe': 0.1, 'fcfy': 0.5, 'revenue_growth': 0.4}
269.31%;129.74%;29.02%;0.94;0.309;{'roe': 0.5, 'fcfy': 0.1, 'roic_wacc': 0.2, 'revenue_growth': 0.2}
268.98%;129.40%;29.63%;0.925;0.32;{'roe': 0.1, 'fcfy': 0.4, 'roic_wacc': 0.4, 'revenue_growth': 0.1}
268.83%;129.25%;-1.38%;0.898;-0.015;{'roic_wacc': 0.2, 'revenue_growth': 0.7, 'dividend_yield': 0.1}
268.80%;129.22%;1.53%;0.89;0.017;{'roe': 0.1, 'roic_wacc': 0.2, 'revenue_growth': 0.6, 'dividend_yield': 0.1}
268.78%;129.21%;40.32%;0.927;0.435;{'roe': 0.2, 'fcfy': 0.2, 'roic_wacc': 0.5, 'dividend_yield': 0.1}
268.65%;129.08%;40.49%;0.92;0.44;{'roe': 0.3, 'roic_wacc': 0.6, 'dividend_yield': 0.1}
268.60%;129.03%;37.55%;1.057;0.355;{'roe': 0.3, 'fcfy': 0.5, 'revenue_growth': 0.2}
268.60%;129.02%;20.28%;0.892;0.227;{'roe': 0.3, 'roic_wacc': 0.2, 'revenue_growth': 0.4, 'dividend_yield': 0.1}
268.43%;128.86%;46.59%;0.89;0.523;{'roic_wacc': 0.3, 'revenue_growth': 0.2, 'dividend_yield': 0.5}
268.28%;128.71%;34.60%;0.983;0.352;{'roe': 0.1, 'fcfy': 0.6, 'roic_wacc': 0.2, 'revenue_growth': 0.1}
267.96%;128.38%;34.94%;0.878;0.398;{'roe': 0.6, 'revenue_growth': 0.2, 'dividend_yield': 0.2}
267.94%;128.37%;29.59%;0.922;0.321;{'roe': 0.2, 'roic_wacc': 0.5, 'revenue_growth': 0.2, 'dividend_yield': 0.1}
267.88%;128.31%;24.15%;0.912;0.265;{'roe': 0.2, 'roic_wacc': 0.1, 'revenue_growth': 0.5, 'dividend_yield': 0.2}
267.69%;128.12%;25.42%;0.906;0.281;{'roe': 0.1, 'fcfy': 0.2, 'roic_wacc': 0.3, 'revenue_growth': 0.3, 'dividend_yield': 0.1}
267.42%;127.84%;40.50%;0.966;0.419;{'fcfy': 0.8, 'roic_wacc': 0.2}
267.16%;127.58%;24.47%;0.922;0.265;{'roe': 0.2, 'fcfy': 0.1, 'roic_wacc': 0.4, 'revenue_growth': 0.3}
266.96%;127.39%;-1.25%;0.899;-0.014;{'fcfy': 0.6, 'roic_wacc': 0.1, 'revenue_growth': 0.3}
266.71%;127.13%;25.35%;0.923;0.275;{'roe': 0.7, 'fcfy': 0.1, 'revenue_growth': 0.2}
266.57%;126.99%;15.02%;0.843;0.178;{'fcfy': 0.1, 'roic_wacc': 0.2, 'revenue_growth': 0.5, 'dividend_yield': 0.2}
266.30%;126.72%;25.99%;0.907;0.286;{'roe': 0.4, 'fcfy': 0.2, 'roic_wacc': 0.3, 'revenue_growth': 0.1}
265.96%;126.38%;35.17%;0.97;0.362;{'fcfy': 0.7, 'roic_wacc': 0.2, 'revenue_growth': 0.1}
265.83%;126.25%;32.85%;0.851;0.386;{'roic_wacc': 0.7, 'revenue_growth': 0.1, 'dividend_yield': 0.2}
265.76%;126.18%;37.47%;0.936;0.4;{'roe': 0.1, 'fcfy': 0.2, 'revenue_growth': 0.4, 'dividend_yield': 0.3}
265.55%;125.98%;37.62%;0.895;0.42;{'fcfy': 0.4, 'roic_wacc': 0.6}
265.46%;125.88%;36.05%;0.958;0.376;{'roe': 0.8, 'fcfy': 0.1, 'revenue_growth': 0.1}
265.18%;125.61%;26.50%;0.876;0.302;{'roe': 0.1, 'roic_wacc': 0.3, 'revenue_growth': 0.4, 'dividend_yield': 0.2}
264.94%;125.37%;40.63%;0.861;0.472;{'roe': 0.1, 'fcfy': 0.1, 'roic_wacc': 0.7, 'dividend_yield': 0.1}
264.55%;124.97%;2.95%;0.883;0.033;{'roe': 0.1, 'fcfy': 0.1, 'roic_wacc': 0.2, 'revenue_growth': 0.5, 'dividend_yield': 0.1}
264.16%;124.59%;24.19%;0.881;0.275;{'roe': 0.3, 'roic_wacc': 0.4, 'revenue_growth': 0.2, 'dividend_yield': 0.1}
264.03%;124.46%;34.25%;0.857;0.399;{'roe': 0.2, 'roic_wacc': 0.1, 'dividend_yield': 0.7}
264.00%;124.42%;24.08%;0.893;0.27;{'roe': 0.3, 'fcfy': 0.1, 'roic_wacc': 0.2, 'revenue_growth': 0.3, 'dividend_yield': 0.1}
263.90%;124.33%;41.38%;0.891;0.465;{'roe': 0.1, 'fcfy': 0.2, 'roic_wacc': 0.6, 'dividend_yield': 0.1}
263.63%;124.06%;41.27%;0.871;0.474;{'roic_wacc': 0.4, 'revenue_growth': 0.2, 'dividend_yield': 0.4}
263.37%;123.80%;31.98%;0.924;0.346;{'roe': 0.2, 'roic_wacc': 0.1, 'revenue_growth': 0.4, 'dividend_yield': 0.3}
263.35%;123.77%;11.40%;0.926;0.123;{'roe': 0.2, 'fcfy': 0.1, 'revenue_growth': 0.7}
263.20%;123.63%;24.33%;0.897;0.271;{'roe': 0.3, 'fcfy': 0.1, 'roic_wacc': 0.5, 'revenue_growth': 0.1}
263.15%;123.58%;31.51%;0.922;0.342;{'roe': 0.5, 'roic_wacc': 0.1, 'revenue_growth': 0.3, 'dividend_yield': 0.1}
263.11%;123.53%;37.96%;0.874;0.434;{'roe': 0.1, 'fcfy': 0.3, 'roic_wacc': 0.5, 'dividend_yield': 0.1}
262.98%;123.41%;36.80%;0.889;0.414;{'roe': 0.1, 'fcfy': 0.1, 'roic_wacc': 0.5, 'revenue_growth': 0.1, 'dividend_yield': 0.2}
262.73%;123.16%;21.56%;0.91;0.237;{'roe': 0.2, 'fcfy': 0.4, 'roic_wacc': 0.3, 'revenue_growth': 0.1}
262.63%;123.06%;40.77%;0.884;0.461;{'roe': 0.1, 'roic_wacc': 0.4, 'revenue_growth': 0.2, 'dividend_yield': 0.3}
261.97%;122.40%;40.27%;0.845;0.476;{'roe': 0.1, 'roic_wacc': 0.2, 'revenue_growth': 0.3, 'dividend_yield': 0.4}
261.95%;122.37%;46.78%;0.935;0.5;{'fcfy': 0.6, 'roic_wacc': 0.3, 'dividend_yield': 0.1}
261.83%;122.25%;22.53%;0.87;0.259;{'fcfy': 0.1, 'roic_wacc': 0.4, 'revenue_growth': 0.3, 'dividend_yield': 0.2}
261.58%;122.01%;41.57%;0.874;0.476;{'roe': 0.1, 'roic_wacc': 0.2, 'revenue_growth': 0.2, 'dividend_yield': 0.5}
261.49%;121.91%;27.54%;0.924;0.298;{'roe': 0.4, 'fcfy': 0.1, 'roic_wacc': 0.3, 'revenue_growth': 0.1, 'dividend_yield': 0.1}
261.24%;121.67%;18.77%;0.891;0.211;{'roe': 0.3, 'fcfy': 0.2, 'roic_wacc': 0.3, 'revenue_growth': 0.2}
260.92%;121.35%;18.32%;0.903;0.203;{'roe': 0.3, 'roic_wacc': 0.4, 'revenue_growth': 0.3}
260.82%;121.25%;23.82%;0.904;0.264;{'roe': 0.2, 'fcfy': 0.1, 'roic_wacc': 0.2, 'revenue_growth': 0.4, 'dividend_yield': 0.1}
260.80%;121.23%;39.21%;0.908;0.432;{'fcfy': 0.1, 'roic_wacc': 0.2, 'revenue_growth': 0.2, 'dividend_yield': 0.5}
260.75%;121.17%;40.56%;0.893;0.454;{'fcfy': 0.8, 'roic_wacc': 0.1, 'dividend_yield': 0.1}
260.66%;121.08%;43.12%;0.893;0.483;{'fcfy': 0.1, 'roic_wacc': 0.7, 'dividend_yield': 0.2}
260.12%;120.54%;29.21%;0.954;0.306;{'roe': 0.2, 'fcfy': 0.2, 'revenue_growth': 0.4, 'dividend_yield': 0.2}
260.07%;120.49%;26.05%;0.901;0.289;{'roe': 0.1, 'roic_wacc': 0.7, 'revenue_growth': 0.2}
259.60%;120.02%;24.76%;0.917;0.27;{'roe': 0.3, 'fcfy': 0.1, 'roic_wacc': 0.2, 'revenue_growth': 0.4}
259.56%;119.99%;25.66%;0.882;0.291;{'roe': 0.6, 'roic_wacc': 0.2, 'revenue_growth': 0.2}
259.52%;119.94%;42.17%;0.896;0.471;{'roe': 0.3, 'fcfy': 0.1, 'dividend_yield': 0.6}
259.51%;119.93%;36.91%;0.921;0.401;{'roe': 0.4, 'fcfy': 0.3, 'revenue_growth': 0.1, 'dividend_yield': 0.2}
259.44%;119.87%;22.48%;0.889;0.253;{'roe': 0.3, 'fcfy': 0.2, 'roic_wacc': 0.4, 'revenue_growth': 0.1}
259.37%;119.79%;1.26%;0.899;0.014;{'roe': 0.1, 'fcfy': 0.4, 'revenue_growth': 0.4, 'dividend_yield': 0.1}
259.30%;119.72%;32.20%;0.89;0.362;{'roe': 0.1, 'roic_wacc': 0.2, 'revenue_growth': 0.4, 'dividend_yield': 0.3}
259.22%;119.64%;52.65%;0.946;0.557;{'fcfy': 0.9, 'roic_wacc': 0.1}
259.21%;119.63%;24.58%;0.886;0.277;{'roe': 0.1, 'fcfy': 0.1, 'roic_wacc': 0.6, 'revenue_growth': 0.2}
259.00%;119.43%;27.55%;0.866;0.318;{'roe': 0.1, 'roic_wacc': 0.5, 'revenue_growth': 0.2, 'dividend_yield': 0.2}
258.82%;119.24%;50.93%;0.881;0.578;{'roe': 0.1, 'fcfy': 0.1, 'roic_wacc': 0.1, 'revenue_growth': 0.2, 'dividend_yield': 0.5}
258.68%;119.11%;16.17%;0.881;0.183;{'roe': 0.3, 'fcfy': 0.2, 'revenue_growth': 0.5}
258.65%;119.07%;24.35%;0.902;0.27;{'roe': 0.3, 'fcfy': 0.3, 'roic_wacc': 0.4}
258.59%;119.02%;42.83%;0.841;0.509;{'roe': 0.2, 'roic_wacc': 0.1, 'revenue_growth': 0.2, 'dividend_yield': 0.5}
258.42%;118.85%;36.98%;0.948;0.39;{'fcfy': 0.7, 'roic_wacc': 0.2, 'dividend_yield': 0.1}
258.40%;118.83%;39.23%;0.995;0.394;{'roe': 0.3, 'fcfy': 0.4, 'roic_wacc': 0.1, 'revenue_growth': 0.2}
258.35%;118.77%;37.57%;0.886;0.424;{'roe': 0.1, 'roic_wacc': 0.1, 'revenue_growth': 0.4, 'dividend_yield': 0.4}
258.28%;118.71%;20.25%;0.873;0.232;{'roe': 0.1, 'roic_wacc': 0.4, 'revenue_growth': 0.4, 'dividend_yield': 0.1}
258.26%;118.69%;17.92%;0.906;0.198;{'roe': 0.4, 'roic_wacc': 0.4, 'revenue_growth': 0.2}
258.20%;118.63%;17.00%;0.89;0.191;{'roe': 0.3, 'fcfy': 0.3, 'roic_wacc': 0.3, 'revenue_growth': 0.1}
258.14%;118.57%;36.44%;1.017;0.358;{'fcfy': 0.8, 'roic_wacc': 0.1, 'revenue_growth': 0.1}
257.93%;118.36%;37.39%;0.93;0.402;{'roe': 0.1, 'fcfy': 0.6, 'roic_wacc': 0.1, 'revenue_growth': 0.1, 'dividend_yield': 0.1}
257.76%;118.18%;46.26%;0.865;0.535;{'roe': 0.1, 'fcfy': 0.6, 'dividend_yield': 0.3}
257.65%;118.08%;40.71%;0.896;0.455;{'roe': 0.4, 'roic_wacc': 0.5, 'dividend_yield': 0.1}
257.61%;118.03%;25.22%;0.873;0.289;{'roe': 0.2, 'fcfy': 0.1, 'roic_wacc': 0.6, 'revenue_growth': 0.1}
257.52%;117.94%;43.78%;0.843;0.519;{'roe': 0.2, 'revenue_growth': 0.2, 'dividend_yield': 0.6}
257.50%;117.92%;36.94%;0.849;0.435;{'roe': 0.2, 'fcfy': 0.1, 'roic_wacc': 0.1, 'dividend_yield': 0.6}
257.47%;117.90%;3.39%;0.925;0.037;{'roe': 0.1, 'fcfy': 0.2, 'roic_wacc': 0.1, 'revenue_growth': 0.6}
257.42%;117.85%;21.25%;0.874;0.243;{'roe': 0.1, 'fcfy': 0.2, 'roic_wacc': 0.4, 'revenue_growth': 0.2, 'dividend_yield': 0.1}
257.32%;117.74%;21.72%;0.872;0.249;{'roe': 0.1, 'roic_wacc': 0.4, 'revenue_growth': 0.3, 'dividend_yield': 0.2}
257.22%;117.65%;24.34%;0.885;0.275;{'roe': 0.1, 'fcfy': 0.4, 'roic_wacc': 0.2, 'revenue_growth': 0.2, 'dividend_yield': 0.1}
256.05%;116.47%;0.57%;0.899;0.006;{'roe': 0.1, 'revenue_growth': 0.9}
255.93%;116.35%;43.83%;0.938;0.467;{'roe': 0.1, 'fcfy': 0.5, 'roic_wacc': 0.3, 'dividend_yield': 0.1}
255.68%;116.10%;36.52%;0.862;0.424;{'roe': 0.1, 'roic_wacc': 0.6, 'revenue_growth': 0.1, 'dividend_yield': 0.2}
255.65%;116.08%;48.46%;0.896;0.541;{'roe': 0.2, 'fcfy': 0.4, 'dividend_yield': 0.4}
255.40%;115.83%;23.46%;0.882;0.266;{'roe': 0.4, 'fcfy': 0.1, 'roic_wacc': 0.1, 'revenue_growth': 0.2, 'dividend_yield': 0.2}
255.24%;115.66%;2.43%;0.901;0.027;{'fcfy': 0.2, 'roic_wacc': 0.1, 'revenue_growth': 0.7}
255.18%;115.61%;32.69%;0.854;0.383;{'roic_wacc': 0.2, 'revenue_growth': 0.4, 'dividend_yield': 0.4}
255.11%;115.53%;18.91%;0.919;0.206;{'roe': 0.2, 'fcfy': 0.2, 'roic_wacc': 0.3, 'revenue_growth': 0.2, 'dividend_yield': 0.1}
254.98%;115.41%;20.09%;0.886;0.227;{'roe': 0.3, 'fcfy': 0.1, 'roic_wacc': 0.3, 'revenue_growth': 0.2, 'dividend_yield': 0.1}
254.97%;115.39%;33.08%;0.871;0.38;{'fcfy': 0.2, 'roic_wacc': 0.2, 'revenue_growth': 0.3, 'dividend_yield': 0.3}
254.94%;115.37%;36.85%;0.871;0.423;{'fcfy': 0.8, 'dividend_yield': 0.2}
254.64%;115.06%;42.55%;0.878;0.484;{'roe': 0.2, 'fcfy': 0.3, 'dividend_yield': 0.5}
254.54%;114.97%;34.38%;0.821;0.419;{'roic_wacc': 0.4, 'revenue_growth': 0.3, 'dividend_yield': 0.3}
254.48%;114.90%;38.34%;0.855;0.449;{'roe': 0.3, 'revenue_growth': 0.1, 'dividend_yield': 0.6}
254.21%;114.64%;30.49%;0.896;0.34;{'roe': 0.3, 'fcfy': 0.1, 'roic_wacc': 0.6}
254.20%;114.62%;18.80%;0.853;0.22;{'roe': 0.3, 'fcfy': 0.2, 'roic_wacc': 0.1, 'revenue_growth': 0.3, 'dividend_yield': 0.1}
254.12%;114.54%;7.72%;0.89;0.087;{'roe': 0.1, 'fcfy': 0.2, 'revenue_growth': 0.5, 'dividend_yield': 0.2}
254.02%;114.44%;28.40%;0.917;0.31;{'roe': 0.7, 'fcfy': 0.2, 'revenue_growth': 0.1}
253.94%;114.36%;3.39%;0.888;0.038;{'roe': 0.1, 'fcfy': 0.3, 'revenue_growth': 0.6}
253.83%;114.26%;21.82%;0.84;0.26;{'roic_wacc': 0.3, 'revenue_growth': 0.4, 'dividend_yield': 0.3}
253.80%;114.23%;26.68%;0.931;0.287;{'roe': 0.5, 'fcfy': 0.2, 'roic_wacc': 0.1, 'revenue_growth': 0.2}
253.75%;114.17%;37.14%;0.858;0.433;{'roe': 0.1, 'roic_wacc': 0.7, 'dividend_yield': 0.2}
253.45%;113.88%;30.19%;0.845;0.357;{'roe': 0.1, 'roic_wacc': 0.3, 'revenue_growth': 0.3, 'dividend_yield': 0.3}
252.88%;113.31%;30.09%;0.898;0.335;{'roe': 0.4, 'revenue_growth': 0.5, 'dividend_yield': 0.1}
252.70%;113.13%;40.36%;0.843;0.479;{'roic_wacc': 0.8, 'dividend_yield': 0.2}
252.53%;112.96%;43.78%;0.834;0.525;{'roe': 0.3, 'fcfy': 0.1, 'revenue_growth': 0.1, 'dividend_yield': 0.5}
252.49%;112.92%;16.30%;0.866;0.188;{'roe': 0.2, 'roic_wacc': 0.3, 'revenue_growth': 0.4, 'dividend_yield': 0.1}
252.20%;112.63%;28.25%;0.834;0.339;{'roe': 0.4, 'roic_wacc': 0.3, 'dividend_yield': 0.3}
252.19%;112.61%;21.02%;0.869;0.242;{'roe': 0.6, 'fcfy': 0.1, 'roic_wacc': 0.2, 'revenue_growth': 0.1}
252.04%;112.46%;18.73%;0.849;0.221;{'roe': 0.4, 'roic_wacc': 0.2, 'revenue_growth': 0.2, 'dividend_yield': 0.2}
251.85%;112.27%;16.06%;0.858;0.187;{'fcfy': 0.1, 'roic_wacc': 0.5, 'revenue_growth': 0.3, 'dividend_yield': 0.1}
251.70%;112.13%;29.65%;0.88;0.337;{'roe': 0.7, 'fcfy': 0.1, 'revenue_growth': 0.1, 'dividend_yield': 0.1}
251.56%;111.98%;21.23%;0.884;0.24;{'roe': 0.6, 'revenue_growth': 0.3, 'dividend_yield': 0.1}
251.54%;111.96%;22.78%;0.847;0.269;{'roic_wacc': 0.4, 'revenue_growth': 0.4, 'dividend_yield': 0.2}
251.52%;111.94%;2.08%;0.888;0.023;{'fcfy': 0.1, 'roic_wacc': 0.1, 'revenue_growth': 0.8}
251.44%;111.87%;29.35%;0.903;0.325;{'roe': 0.3, 'roic_wacc': 0.1, 'revenue_growth': 0.4, 'dividend_yield': 0.2}
251.20%;111.62%;18.58%;0.826;0.225;{'roe': 0.5, 'revenue_growth': 0.3, 'dividend_yield': 0.2}
251.02%;111.45%;27.26%;0.85;0.321;{'roe': 0.5, 'fcfy': 0.2, 'roic_wacc': 0.1, 'revenue_growth': 0.1, 'dividend_yield': 0.1}
250.74%;111.16%;34.49%;0.834;0.414;{'roe': 0.2, 'fcfy': 0.3, 'roic_wacc': 0.4, 'dividend_yield': 0.1}
250.52%;110.95%;28.54%;0.951;0.3;{'roe': 0.3, 'fcfy': 0.2, 'roic_wacc': 0.2, 'revenue_growth': 0.2, 'dividend_yield': 0.1}
250.44%;110.87%;42.98%;0.841;0.511;{'roe': 0.2, 'fcfy': 0.3, 'revenue_growth': 0.1, 'dividend_yield': 0.4}
250.43%;110.85%;29.09%;0.895;0.325;{'roe': 0.3, 'revenue_growth': 0.4, 'dividend_yield': 0.3}
250.16%;110.59%;16.36%;0.854;0.192;{'roe': 0.5, 'roic_wacc': 0.3, 'revenue_growth': 0.2}
250.06%;110.48%;21.12%;0.868;0.243;{'roe': 0.2, 'roic_wacc': 0.6, 'revenue_growth': 0.2}
250.00%;110.43%;18.14%;0.882;0.206;{'roe': 0.3, 'roic_wacc': 0.5, 'revenue_growth': 0.2}
250.00%;110.42%;40.01%;0.849;0.471;{'roe': 0.1, 'fcfy': 0.2, 'roic_wacc': 0.1, 'revenue_growth': 0.2, 'dividend_yield': 0.4}
249.93%;110.35%;35.95%;0.893;0.402;{'roe': 0.2, 'revenue_growth': 0.4, 'dividend_yield': 0.4}
249.90%;110.32%;33.96%;0.855;0.397;{'roe': 0.1, 'roic_wacc': 0.5, 'revenue_growth': 0.1, 'dividend_yield': 0.3}
249.75%;110.17%;39.46%;0.899;0.439;{'fcfy': 0.5, 'roic_wacc': 0.3, 'revenue_growth': 0.1, 'dividend_yield': 0.1}
249.60%;110.02%;33.15%;0.889;0.373;{'roe': 0.1, 'revenue_growth': 0.5, 'dividend_yield': 0.4}
249.41%;109.84%;22.34%;0.89;0.251;{'roe': 0.7, 'roic_wacc': 0.2, 'revenue_growth': 0.1}
249.39%;109.82%;42.00%;0.827;0.508;{'roe': 0.1, 'fcfy': 0.4, 'revenue_growth': 0.1, 'dividend_yield': 0.4}
249.35%;109.77%;21.89%;0.896;0.244;{'roe': 0.6, 'roic_wacc': 0.1, 'revenue_growth': 0.3}
249.24%;109.67%;37.41%;0.864;0.433;{'roe': 0.3, 'fcfy': 0.1, 'roic_wacc': 0.5, 'dividend_yield': 0.1}
249.22%;109.65%;34.14%;0.832;0.41;{'fcfy': 0.1, 'roic_wacc': 0.6, 'revenue_growth': 0.1, 'dividend_yield': 0.2}
249.17%;109.60%;18.83%;0.847;0.222;{'roic_wacc': 0.5, 'revenue_growth': 0.3, 'dividend_yield': 0.2}
249.16%;109.59%;38.93%;1.02;0.382;{'roe': 0.3, 'fcfy': 0.6, 'revenue_growth': 0.1}
249.02%;109.45%;32.99%;0.84;0.393;{'roe': 0.1, 'fcfy': 0.2, 'revenue_growth': 0.1, 'dividend_yield': 0.6}
248.98%;109.41%;33.85%;0.817;0.414;{'roe': 0.2, 'roic_wacc': 0.1, 'revenue_growth': 0.1, 'dividend_yield': 0.6}
248.90%;109.32%;37.19%;0.974;0.382;{'roe': 0.1, 'fcfy': 0.6, 'roic_wacc': 0.3}
248.87%;109.29%;24.49%;0.809;0.303;{'roe': 0.3, 'roic_wacc': 0.2, 'revenue_growth': 0.3, 'dividend_yield': 0.2}
248.64%;109.06%;39.27%;0.898;0.437;{'roe': 0.3, 'fcfy': 0.4, 'revenue_growth': 0.1, 'dividend_yield': 0.2}
248.28%;108.71%;36.80%;0.913;0.403;{'roe': 0.3, 'fcfy': 0.5, 'revenue_growth': 0.1, 'dividend_yield': 0.1}
248.23%;108.65%;5.37%;0.921;0.058;{'roe': 0.1, 'fcfy': 0.4, 'revenue_growth': 0.5}
247.92%;108.34%;24.09%;0.866;0.278;{'roe': 0.4, 'fcfy': 0.1, 'roic_wacc': 0.4, 'revenue_growth': 0.1}
247.90%;108.33%;26.79%;0.855;0.313;{'roe': 0.1, 'roic_wacc': 0.1, 'revenue_growth': 0.5, 'dividend_yield': 0.3}
247.88%;108.31%;25.90%;0.953;0.272;{'roe': 0.1, 'fcfy': 0.6, 'revenue_growth': 0.2, 'dividend_yield': 0.1}
247.84%;108.26%;15.26%;0.846;0.18;{'roe': 0.2, 'fcfy': 0.3, 'roic_wacc': 0.4, 'revenue_growth': 0.1}
247.70%;108.13%;26.18%;0.858;0.305;{'roe': 0.6, 'roic_wacc': 0.1, 'revenue_growth': 0.1, 'dividend_yield': 0.2}
247.70%;108.12%;16.25%;0.869;0.187;{'fcfy': 0.2, 'roic_wacc': 0.4, 'revenue_growth': 0.3, 'dividend_yield': 0.1}
246.91%;107.33%;34.63%;0.874;0.396;{'fcfy': 0.3, 'roic_wacc': 0.1, 'revenue_growth': 0.3, 'dividend_yield': 0.3}
246.89%;107.31%;36.42%;0.87;0.419;{'roe': 0.2, 'fcfy': 0.1, 'roic_wacc': 0.6, 'dividend_yield': 0.1}
246.59%;107.02%;32.55%;0.868;0.375;{'roe': 0.2, 'fcfy': 0.1, 'revenue_growth': 0.4, 'dividend_yield': 0.3}
246.47%;106.89%;30.95%;0.867;0.357;{'roe': 0.2, 'fcfy': 0.2, 'roic_wacc': 0.3, 'revenue_growth': 0.1, 'dividend_yield': 0.2}
246.32%;106.75%;25.82%;0.917;0.282;{'roe': 0.5, 'fcfy': 0.3, 'revenue_growth': 0.2}
246.23%;106.65%;27.97%;0.923;0.303;{'roe': 0.6, 'fcfy': 0.3, 'revenue_growth': 0.1}
246.14%;106.57%;41.29%;0.904;0.457;{'fcfy': 0.5, 'roic_wacc': 0.2, 'revenue_growth': 0.1, 'dividend_yield': 0.2}
246.13%;106.56%;23.60%;0.823;0.287;{'roe': 0.1, 'fcfy': 0.1, 'roic_wacc': 0.4, 'revenue_growth': 0.2, 'dividend_yield': 0.2}
246.12%;106.54%;22.88%;0.821;0.279;{'roic_wacc': 0.6, 'revenue_growth': 0.2, 'dividend_yield': 0.2}
246.00%;106.43%;28.88%;0.86;0.336;{'roe': 0.4, 'fcfy': 0.2, 'roic_wacc': 0.3, 'dividend_yield': 0.1}
245.91%;106.34%;36.24%;0.863;0.42;{'fcfy': 0.2, 'roic_wacc': 0.2, 'revenue_growth': 0.2, 'dividend_yield': 0.4}
245.89%;106.31%;34.91%;0.832;0.419;{'roe': 0.1, 'fcfy': 0.1, 'roic_wacc': 0.6, 'dividend_yield': 0.2}
245.62%;106.05%;30.33%;0.821;0.37;{'roe': 0.2, 'roic_wacc': 0.1, 'revenue_growth': 0.3, 'dividend_yield': 0.4}
245.60%;106.03%;0.59%;0.905;0.007;{'fcfy': 0.4, 'roic_wacc': 0.1, 'revenue_growth': 0.5}
245.59%;106.02%;36.20%;0.843;0.429;{'roe': 0.4, 'fcfy': 0.1, 'dividend_yield': 0.5}
245.57%;105.99%;34.72%;0.888;0.391;{'roe': 0.1, 'fcfy': 0.4, 'roic_wacc': 0.2, 'revenue_growth': 0.1, 'dividend_yield': 0.2}
245.16%;105.59%;20.10%;0.833;0.241;{'roe': 0.9, 'revenue_growth': 0.1}
245.12%;105.54%;27.76%;0.885;0.314;{'roe': 0.2, 'fcfy': 0.4, 'roic_wacc': 0.1, 'revenue_growth': 0.2, 'dividend_yield': 0.1}
245.01%;105.44%;4.86%;0.869;0.056;{'roe': 0.2, 'revenue_growth': 0.8}
244.87%;105.30%;30.98%;0.866;0.358;{'roe': 0.2, 'fcfy': 0.1, 'revenue_growth': 0.3, 'dividend_yield': 0.4}
244.78%;105.20%;25.00%;0.832;0.301;{'roe': 0.3, 'roic_wacc': 0.3, 'revenue_growth': 0.1, 'dividend_yield': 0.3}
244.69%;105.12%;16.11%;0.834;0.193;{'roe': 0.1, 'fcfy': 0.1, 'roic_wacc': 0.4, 'revenue_growth': 0.3, 'dividend_yield': 0.1}
244.63%;105.06%;20.95%;0.81;0.259;{'roe': 0.7, 'revenue_growth': 0.2, 'dividend_yield': 0.1}
244.62%;105.04%;22.23%;0.852;0.261;{'roe': 0.5, 'fcfy': 0.1, 'roic_wacc': 0.3, 'revenue_growth': 0.1}
244.33%;104.75%;26.97%;0.876;0.308;{'roe': 0.4, 'fcfy': 0.1, 'roic_wacc': 0.4, 'dividend_yield': 0.1}
244.33%;104.75%;32.60%;0.885;0.368;{'roe': 0.2, 'fcfy': 0.2, 'revenue_growth': 0.3, 'dividend_yield': 0.3}
244.29%;104.72%;14.77%;0.838;0.176;{'roe': 0.2, 'roic_wacc': 0.4, 'revenue_growth': 0.4}
244.28%;104.71%;34.37%;0.828;0.415;{'fcfy': 0.1, 'roic_wacc': 0.4, 'revenue_growth': 0.2, 'dividend_yield': 0.3}
244.09%;104.51%;17.01%;0.836;0.203;{'roe': 0.1, 'roic_wacc': 0.5, 'revenue_growth': 0.3, 'dividend_yield': 0.1}
243.53%;103.96%;1.17%;0.861;0.014;{'fcfy': 0.4, 'revenue_growth': 0.6}
243.44%;103.87%;20.30%;0.906;0.224;{'roe': 0.6, 'fcfy': 0.2, 'revenue_growth': 0.2}
243.40%;103.82%;23.15%;0.85;0.272;{'roe': 0.3, 'fcfy': 0.1, 'roic_wacc': 0.2, 'revenue_growth': 0.2, 'dividend_yield': 0.2}
243.38%;103.80%;28.69%;0.821;0.35;{'roic_wacc': 0.2, 'revenue_growth': 0.3, 'dividend_yield': 0.5}
243.34%;103.76%;31.34%;0.88;0.356;{'roe': 0.2, 'fcfy': 0.4, 'revenue_growth': 0.2, 'dividend_yield': 0.2}
243.27%;103.69%;-7.04%;0.802;-0.088;{'roe': 0.2, 'roic_wacc': 0.2, 'revenue_growth': 0.6}
243.16%;103.59%;32.99%;0.931;0.354;{'roe': 0.1, 'fcfy': 0.4, 'revenue_growth': 0.3, 'dividend_yield': 0.2}
243.15%;103.57%;14.78%;0.854;0.173;{'roe': 0.2, 'fcfy': 0.2, 'roic_wacc': 0.5, 'revenue_growth': 0.1}
242.96%;103.39%;32.77%;0.808;0.405;{'roe': 0.2, 'fcfy': 0.1, 'roic_wacc': 0.1, 'revenue_growth': 0.2, 'dividend_yield': 0.4}
242.84%;103.26%;21.56%;0.886;0.243;{'roe': 0.5, 'fcfy': 0.1, 'revenue_growth': 0.4}
242.83%;103.26%;9.89%;0.859;0.115;{'roe': 0.3, 'roic_wacc': 0.3, 'revenue_growth': 0.4}
242.75%;103.17%;33.99%;0.82;0.414;{'roe': 0.1, 'fcfy': 0.6, 'revenue_growth': 0.1, 'dividend_yield': 0.2}
242.57%;103.00%;29.04%;0.919;0.316;{'fcfy': 0.6, 'roic_wacc': 0.1, 'revenue_growth': 0.2, 'dividend_yield': 0.1}
242.43%;102.85%;9.66%;0.828;0.117;{'roe': 0.4, 'fcfy': 0.1, 'roic_wacc': 0.3, 'revenue_growth': 0.2}
242.39%;102.81%;30.89%;0.804;0.384;{'fcfy': 0.2, 'roic_wacc': 0.6, 'dividend_yield': 0.2}
242.34%;102.77%;35.09%;0.797;0.44;{'roe': 0.3, 'revenue_growth': 0.2, 'dividend_yield': 0.5}
242.31%;102.74%;34.01%;0.855;0.398;{'roe': 0.1, 'revenue_growth': 0.3, 'dividend_yield': 0.6}
242.07%;102.50%;39.50%;0.783;0.504;{'roe': 0.2, 'roic_wacc': 0.2, 'dividend_yield': 0.6}
242.06%;102.48%;13.97%;0.859;0.163;{'roe': 0.1, 'fcfy': 0.3, 'roic_wacc': 0.3, 'revenue_growth': 0.2, 'dividend_yield': 0.1}
242.04%;102.47%;33.64%;0.824;0.408;{'roic_wacc': 0.7, 'dividend_yield': 0.3}
241.97%;102.40%;26.66%;0.827;0.322;{'fcfy': 0.2, 'roic_wacc': 0.1, 'revenue_growth': 0.4, 'dividend_yield': 0.3}
241.95%;102.38%;25.38%;0.827;0.307;{'roe': 0.2, 'roic_wacc': 0.2, 'revenue_growth': 0.4, 'dividend_yield': 0.2}
241.30%;101.72%;32.54%;0.812;0.401;{'roe': 0.3, 'fcfy': 0.2, 'roic_wacc': 0.1, 'dividend_yield': 0.4}
241.26%;101.68%;30.57%;0.896;0.341;{'roe': 0.1, 'fcfy': 0.5, 'roic_wacc': 0.1, 'revenue_growth': 0.2, 'dividend_yield': 0.1}
241.01%;101.43%;23.62%;0.794;0.297;{'roic_wacc': 0.2, 'revenue_growth': 0.1, 'dividend_yield': 0.7}
241.00%;101.43%;28.99%;0.908;0.319;{'roe': 0.3, 'fcfy': 0.4, 'revenue_growth': 0.2, 'dividend_yield': 0.1}
240.62%;101.04%;17.25%;0.84;0.205;{'roe': 0.2, 'roic_wacc': 0.5, 'revenue_growth': 0.3}
240.12%;100.54%;27.93%;0.895;0.312;{'roe': 0.3, 'fcfy': 0.3, 'roic_wacc': 0.1, 'revenue_growth': 0.2, 'dividend_yield': 0.1}
240.07%;100.49%;19.84%;0.835;0.238;{'roe': 0.1, 'fcfy': 0.2, 'roic_wacc': 0.2, 'revenue_growth': 0.3, 'dividend_yield': 0.2}
239.96%;100.38%;38.54%;0.845;0.456;{'roe': 0.2, 'fcfy': 0.4, 'roic_wacc': 0.1, 'dividend_yield': 0.3}
239.93%;100.35%;35.08%;0.803;0.437;{'roe': 0.6, 'fcfy': 0.1, 'revenue_growth': 0.1, 'dividend_yield': 0.2}
239.84%;100.27%;33.52%;0.815;0.411;{'fcfy': 0.5, 'roic_wacc': 0.1, 'revenue_growth': 0.1, 'dividend_yield': 0.3}
239.79%;100.22%;35.42%;0.967;0.366;{'roe': 0.5, 'fcfy': 0.4, 'revenue_growth': 0.1}
239.56%;99.98%;26.54%;0.786;0.338;{'roic_wacc': 0.5, 'revenue_growth': 0.2, 'dividend_yield': 0.3}
239.05%;99.47%;0.43%;0.872;0.005;{'fcfy': 0.3, 'revenue_growth': 0.7}
238.89%;99.31%;12.96%;0.81;0.16;{'roe': 0.3, 'roic_wacc': 0.3, 'revenue_growth': 0.3, 'dividend_yield': 0.1}
238.88%;99.31%;30.12%;0.874;0.345;{'roe': 0.3, 'fcfy': 0.1, 'revenue_growth': 0.4, 'dividend_yield': 0.2}
238.50%;98.92%;24.43%;0.896;0.273;{'roe': 0.5, 'fcfy': 0.1, 'revenue_growth': 0.3, 'dividend_yield': 0.1}
238.50%;98.92%;0.54%;0.856;0.006;{'roic_wacc': 0.1, 'revenue_growth': 0.9}
238.37%;98.79%;24.71%;0.873;0.283;{'roe': 0.4, 'fcfy': 0.2, 'roic_wacc': 0.1, 'revenue_growth': 0.2, 'dividend_yield': 0.1}
238.25%;98.67%;27.25%;0.804;0.339;{'roe': 0.5, 'fcfy': 0.1, 'revenue_growth': 0.2, 'dividend_yield': 0.2}
238.15%;98.58%;34.43%;0.839;0.411;{'roe': 0.1, 'roic_wacc': 0.1, 'revenue_growth': 0.3, 'dividend_yield': 0.5}
238.08%;98.51%;25.45%;0.825;0.309;{'fcfy': 0.7, 'roic_wacc': 0.1, 'dividend_yield': 0.2}
237.86%;98.29%;33.62%;0.792;0.424;{'roe': 0.2, 'fcfy': 0.2, 'roic_wacc': 0.2, 'revenue_growth': 0.1, 'dividend_yield': 0.3}
237.79%;98.22%;19.84%;0.867;0.229;{'roe': 0.3, 'fcfy': 0.4, 'roic_wacc': 0.2, 'revenue_growth': 0.1}
237.51%;97.93%;15.33%;0.851;0.18;{'roe': 0.4, 'fcfy': 0.2, 'roic_wacc': 0.2, 'revenue_growth': 0.1, 'dividend_yield': 0.1}
237.28%;97.71%;23.79%;0.82;0.29;{'roe': 0.3, 'fcfy': 0.1, 'roic_wacc': 0.3, 'revenue_growth': 0.1, 'dividend_yield': 0.2}
237.26%;97.68%;36.40%;0.813;0.448;{'roe': 0.2, 'fcfy': 0.2, 'dividend_yield': 0.6}
237.21%;97.64%;39.28%;0.822;0.478;{'roe': 0.1, 'fcfy': 0.3, 'revenue_growth': 0.1, 'dividend_yield': 0.5}
237.04%;97.47%;24.71%;0.823;0.3;{'fcfy': 0.2, 'roic_wacc': 0.1, 'revenue_growth': 0.3, 'dividend_yield': 0.4}
236.78%;97.20%;21.73%;0.845;0.257;{'roe': 0.6, 'fcfy': 0.1, 'revenue_growth': 0.2, 'dividend_yield': 0.1}
236.59%;97.02%;34.30%;0.854;0.401;{'roe': 0.1, 'fcfy': 0.3, 'roic_wacc': 0.1, 'revenue_growth': 0.2, 'dividend_yield': 0.3}
236.44%;96.87%;12.88%;0.79;0.163;{'roe': 0.5, 'roic_wacc': 0.1, 'revenue_growth': 0.2, 'dividend_yield': 0.2}
236.15%;96.58%;24.32%;0.812;0.299;{'roe': 0.8, 'revenue_growth': 0.1, 'dividend_yield': 0.1}
236.14%;96.57%;30.28%;0.787;0.385;{'roe': 0.2, 'fcfy': 0.1, 'roic_wacc': 0.1, 'revenue_growth': 0.1, 'dividend_yield': 0.5}
235.93%;96.35%;21.87%;0.813;0.269;{'roe': 0.2, 'roic_wacc': 0.5, 'revenue_growth': 0.1, 'dividend_yield': 0.2}
235.67%;96.10%;23.42%;0.851;0.275;{'roic_wacc': 0.1, 'revenue_growth': 0.4, 'dividend_yield': 0.5}
235.64%;96.07%;22.56%;0.8;0.282;{'roic_wacc': 0.2, 'revenue_growth': 0.2, 'dividend_yield': 0.6}
235.36%;95.78%;29.20%;0.855;0.342;{'fcfy': 0.6, 'roic_wacc': 0.2, 'revenue_growth': 0.1, 'dividend_yield': 0.1}
235.33%;95.75%;13.57%;0.846;0.16;{'roe': 0.5, 'fcfy': 0.1, 'roic_wacc': 0.2, 'revenue_growth': 0.1, 'dividend_yield': 0.1}
235.25%;95.68%;13.41%;0.82;0.164;{'roe': 0.2, 'fcfy': 0.1, 'roic_wacc': 0.4, 'revenue_growth': 0.2, 'dividend_yield': 0.1}
235.20%;95.63%;-8.86%;0.847;-0.105;{'fcfy': 0.3, 'revenue_growth': 0.6, 'dividend_yield': 0.1}
235.20%;95.62%;31.54%;0.833;0.378;{'roe': 0.5, 'dividend_yield': 0.5}
235.07%;95.49%;27.76%;0.853;0.325;{'roe': 0.5, 'fcfy': 0.3, 'dividend_yield': 0.2}
235.05%;95.48%;33.63%;0.877;0.383;{'roe': 0.2, 'fcfy': 0.6, 'dividend_yield': 0.2}
235.04%;95.47%;-8.48%;0.792;-0.107;{'roic_wacc': 0.2, 'revenue_growth': 0.6, 'dividend_yield': 0.2}
234.95%;95.38%;14.26%;0.82;0.174;{'roe': 0.2, 'fcfy': 0.1, 'revenue_growth': 0.5, 'dividend_yield': 0.2}
234.95%;95.37%;26.80%;0.77;0.348;{'roe': 0.3, 'roic_wacc': 0.1, 'revenue_growth': 0.2, 'dividend_yield': 0.4}
234.94%;95.37%;24.36%;0.794;0.307;{'roe': 0.2, 'fcfy': 0.3, 'revenue_growth': 0.2, 'dividend_yield': 0.3}
234.79%;95.21%;15.70%;0.826;0.19;{'roe': 0.2, 'fcfy': 0.4, 'roic_wacc': 0.2, 'revenue_growth': 0.1, 'dividend_yield': 0.1}
234.67%;95.09%;15.06%;0.792;0.19;{'fcfy': 0.2, 'roic_wacc': 0.3, 'revenue_growth': 0.3, 'dividend_yield': 0.2}
234.61%;95.03%;10.77%;0.828;0.13;{'roe': 0.2, 'fcfy': 0.2, 'roic_wacc': 0.4, 'revenue_growth': 0.2}
234.49%;94.92%;25.40%;0.816;0.311;{'roe': 0.3, 'fcfy': 0.2, 'roic_wacc': 0.1, 'revenue_growth': 0.2, 'dividend_yield': 0.2}
234.11%;94.53%;11.79%;0.8;0.147;{'roe': 0.5, 'fcfy': 0.2, 'roic_wacc': 0.2, 'revenue_growth': 0.1}
234.07%;94.50%;33.94%;0.83;0.409;{'roe': 0.1, 'fcfy': 0.4, 'roic_wacc': 0.1, 'dividend_yield': 0.4}
234.03%;94.45%;17.42%;0.772;0.226;{'roe': 0.3, 'roic_wacc': 0.2, 'revenue_growth': 0.2, 'dividend_yield': 0.3}
233.96%;94.39%;18.98%;0.85;0.223;{'roe': 0.5, 'roic_wacc': 0.4, 'revenue_growth': 0.1}
233.82%;94.24%;31.38%;0.812;0.386;{'fcfy': 0.4, 'roic_wacc': 0.3, 'revenue_growth': 0.1, 'dividend_yield': 0.2}
233.71%;94.14%;20.52%;0.863;0.238;{'revenue_growth': 0.4, 'dividend_yield': 0.6}
233.55%;93.98%;33.64%;0.913;0.368;{'roe': 0.4, 'fcfy': 0.4, 'revenue_growth': 0.1, 'dividend_yield': 0.1}
233.43%;93.85%;27.02%;0.84;0.322;{'roe': 0.1, 'fcfy': 0.5, 'roic_wacc': 0.2, 'dividend_yield': 0.2}
233.36%;93.79%;-1.14%;0.847;-0.013;{'fcfy': 0.2, 'revenue_growth': 0.8}
233.31%;93.74%;12.57%;0.791;0.159;{'roe': 0.1, 'fcfy': 0.1, 'roic_wacc': 0.3, 'revenue_growth': 0.3, 'dividend_yield': 0.2}
233.26%;93.69%;9.04%;0.888;0.102;{'roe': 0.1, 'fcfy': 0.7, 'revenue_growth': 0.2}
233.21%;93.63%;40.19%;0.836;0.481;{'roe': 0.1, 'fcfy': 0.5, 'dividend_yield': 0.4}
233.19%;93.62%;27.34%;0.863;0.317;{'roe': 0.4, 'fcfy': 0.3, 'roic_wacc': 0.1, 'revenue_growth': 0.1, 'dividend_yield': 0.1}
233.15%;93.57%;26.84%;0.872;0.308;{'roe': 0.4, 'fcfy': 0.1, 'revenue_growth': 0.4, 'dividend_yield': 0.1}
233.04%;93.47%;21.56%;0.828;0.26;{'roe': 0.6, 'fcfy': 0.2, 'roic_wacc': 0.1, 'revenue_growth': 0.1}
232.99%;93.42%;18.43%;0.808;0.228;{'roe': 0.2, 'fcfy': 0.3, 'revenue_growth': 0.3, 'dividend_yield': 0.2}
232.81%;93.23%;26.72%;0.857;0.312;{'fcfy': 0.5, 'roic_wacc': 0.2, 'dividend_yield': 0.3}
232.40%;92.83%;29.20%;0.837;0.349;{'roic_wacc': 0.1, 'revenue_growth': 0.5, 'dividend_yield': 0.4}
232.38%;92.81%;29.63%;0.793;0.374;{'roe': 0.2, 'roic_wacc': 0.7, 'dividend_yield': 0.1}
232.23%;92.66%;25.64%;0.802;0.32;{'roe': 0.2, 'fcfy': 0.1, 'roic_wacc': 0.2, 'revenue_growth': 0.3, 'dividend_yield': 0.2}
232.19%;92.61%;28.80%;0.795;0.362;{'roe': 0.1, 'fcfy': 0.5, 'revenue_growth': 0.1, 'dividend_yield': 0.3}
232.09%;92.51%;30.12%;0.84;0.359;{'roe': 0.2, 'fcfy': 0.2, 'roic_wacc': 0.1, 'revenue_growth': 0.2, 'dividend_yield': 0.3}
231.96%;92.39%;-12.06%;0.825;-0.146;{'fcfy': 0.3, 'roic_wacc': 0.1, 'revenue_growth': 0.5, 'dividend_yield': 0.1}
231.92%;92.34%;23.45%;0.852;0.275;{'roe': 0.4, 'fcfy': 0.1, 'roic_wacc': 0.1, 'revenue_growth': 0.3, 'dividend_yield': 0.1}
231.76%;92.19%;25.77%;0.797;0.324;{'roe': 0.2, 'fcfy': 0.1, 'roic_wacc': 0.4, 'revenue_growth': 0.1, 'dividend_yield': 0.2}
231.72%;92.14%;17.47%;0.888;0.197;{'roe': 0.5, 'fcfy': 0.2, 'revenue_growth': 0.3}
231.61%;92.04%;19.68%;0.816;0.241;{'roe': 0.1, 'fcfy': 0.3, 'revenue_growth': 0.3, 'dividend_yield': 0.3}
231.42%;91.84%;28.16%;0.779;0.361;{'roe': 0.3, 'fcfy': 0.1, 'revenue_growth': 0.2, 'dividend_yield': 0.4}
231.31%;91.73%;-4.32%;0.827;-0.052;{'fcfy': 0.3, 'roic_wacc': 0.1, 'revenue_growth': 0.6}
231.29%;91.72%;16.72%;0.82;0.204;{'roe': 0.4, 'roic_wacc': 0.5, 'revenue_growth': 0.1}
231.27%;91.70%;30.41%;0.81;0.376;{'roe': 0.2, 'fcfy': 0.1, 'roic_wacc': 0.5, 'dividend_yield': 0.2}
231.21%;91.64%;28.64%;0.784;0.365;{'roe': 0.1, 'fcfy': 0.1, 'roic_wacc': 0.4, 'revenue_growth': 0.1, 'dividend_yield': 0.3}
230.97%;91.40%;40.42%;0.818;0.494;{'roe': 0.3, 'fcfy': 0.4, 'dividend_yield': 0.3}
230.79%;91.22%;13.71%;0.844;0.162;{'roe': 0.4, 'fcfy': 0.3, 'roic_wacc': 0.2, 'revenue_growth': 0.1}
230.74%;91.17%;17.73%;0.868;0.204;{'roe': 0.6, 'revenue_growth': 0.4}
230.71%;91.14%;25.07%;0.817;0.307;{'roe': 0.6, 'fcfy': 0.2, 'dividend_yield': 0.2}
230.66%;91.08%;26.16%;0.802;0.326;{'fcfy': 0.4, 'roic_wacc': 0.1, 'revenue_growth': 0.1, 'dividend_yield': 0.4}
230.65%;91.08%;3.91%;0.829;0.047;{'fcfy': 0.4, 'revenue_growth': 0.4, 'dividend_yield': 0.2}
230.17%;90.59%;33.36%;0.779;0.428;{'roe': 0.2, 'fcfy': 0.2, 'revenue_growth': 0.1, 'dividend_yield': 0.5}
230.05%;90.47%;22.41%;0.84;0.267;{'fcfy': 0.7, 'roic_wacc': 0.1, 'revenue_growth': 0.1, 'dividend_yield': 0.1}
229.93%;90.35%;32.09%;0.757;0.424;{'fcfy': 0.1, 'roic_wacc': 0.4, 'revenue_growth': 0.1, 'dividend_yield': 0.4}
229.89%;90.32%;27.29%;0.875;0.312;{'roe': 0.1, 'fcfy': 0.5, 'roic_wacc': 0.2, 'revenue_growth': 0.1, 'dividend_yield': 0.1}
229.85%;90.27%;29.05%;0.77;0.377;{'roe': 0.4, 'fcfy': 0.2, 'dividend_yield': 0.4}
229.82%;90.24%;23.85%;0.867;0.275;{'roe': 0.2, 'fcfy': 0.3, 'roic_wacc': 0.3, 'revenue_growth': 0.1, 'dividend_yield': 0.1}
229.70%;90.13%;23.55%;0.783;0.301;{'roe': 0.1, 'revenue_growth': 0.2, 'dividend_yield': 0.7}
229.58%;90.00%;27.40%;0.769;0.356;{'roe': 0.4, 'revenue_growth': 0.2, 'dividend_yield': 0.4}
229.57%;90.00%;28.14%;0.81;0.347;{'roe': 0.3, 'fcfy': 0.1, 'revenue_growth': 0.3, 'dividend_yield': 0.3}
229.54%;89.97%;26.01%;0.777;0.335;{'fcfy': 0.5, 'revenue_growth': 0.1, 'dividend_yield': 0.4}
229.52%;89.95%;14.65%;0.795;0.184;{'roe': 0.3, 'fcfy': 0.2, 'roic_wacc': 0.5}
229.48%;89.90%;25.17%;0.847;0.297;{'roe': 0.3, 'fcfy': 0.2, 'revenue_growth': 0.3, 'dividend_yield': 0.2}
229.41%;89.84%;24.90%;0.808;0.308;{'fcfy': 0.6, 'roic_wacc': 0.1, 'dividend_yield': 0.3}
229.24%;89.66%;33.98%;0.846;0.402;{'roe': 0.1, 'fcfy': 0.7, 'roic_wacc': 0.1, 'dividend_yield': 0.1}
229.21%;89.63%;22.88%;0.776;0.295;{'roe': 0.1, 'roic_wacc': 0.1, 'revenue_growth': 0.2, 'dividend_yield': 0.6}
229.18%;89.61%;17.26%;0.82;0.21;{'roe': 0.2, 'fcfy': 0.2, 'roic_wacc': 0.4, 'revenue_growth': 0.1, 'dividend_yield': 0.1}
229.09%;89.51%;41.70%;0.807;0.517;{'roe': 0.2, 'fcfy': 0.1, 'revenue_growth': 0.2, 'dividend_yield': 0.5}
229.04%;89.46%;22.04%;0.764;0.289;{'roe': 0.2, 'fcfy': 0.1, 'roic_wacc': 0.2, 'revenue_growth': 0.2, 'dividend_yield': 0.3}
229.01%;89.44%;-11.51%;0.801;-0.144;{'fcfy': 0.4, 'roic_wacc': 0.1, 'revenue_growth': 0.4, 'dividend_yield': 0.1}
229.01%;89.43%;29.30%;0.789;0.372;{'roe': 0.1, 'fcfy': 0.1, 'roic_wacc': 0.1, 'revenue_growth': 0.1, 'dividend_yield': 0.6}
228.97%;89.40%;-5.93%;0.89;-0.067;{'fcfy': 0.7, 'revenue_growth': 0.3}
228.93%;89.35%;15.39%;0.844;0.182;{'roe': 0.6, 'roic_wacc': 0.2, 'revenue_growth': 0.1, 'dividend_yield': 0.1}
228.89%;89.31%;18.33%;0.84;0.218;{'roe': 0.3, 'fcfy': 0.4, 'roic_wacc': 0.3}
228.73%;89.15%;25.41%;0.854;0.298;{'roe': 0.3, 'fcfy': 0.4, 'roic_wacc': 0.1, 'revenue_growth': 0.1, 'dividend_yield': 0.1}
228.67%;89.09%;-10.59%;0.781;-0.136;{'roe': 0.1, 'fcfy': 0.1, 'roic_wacc': 0.1, 'revenue_growth': 0.7}
228.58%;89.00%;12.31%;0.797;0.154;{'roe': 0.4, 'roic_wacc': 0.3, 'revenue_growth': 0.2, 'dividend_yield': 0.1}
228.50%;88.92%;31.49%;0.756;0.416;{'roe': 0.1, 'roic_wacc': 0.3, 'revenue_growth': 0.2, 'dividend_yield': 0.4}
228.48%;88.91%;13.86%;0.848;0.163;{'roe': 0.7, 'revenue_growth': 0.3}
228.45%;88.88%;28.60%;0.851;0.336;{'roe': 0.5, 'fcfy': 0.3, 'revenue_growth': 0.1, 'dividend_yield': 0.1}
228.38%;88.80%;28.76%;0.745;0.386;{'fcfy': 0.3, 'roic_wacc': 0.5, 'dividend_yield': 0.2}
228.27%;88.70%;22.99%;0.828;0.278;{'roe': 0.1, 'fcfy': 0.2, 'revenue_growth': 0.3, 'dividend_yield': 0.4}
228.01%;88.44%;26.86%;0.768;0.35;{'roe': 0.1, 'roic_wacc': 0.2, 'dividend_yield': 0.7}
227.84%;88.27%;21.82%;0.751;0.29;{'roe': 0.3, 'fcfy': 0.1, 'roic_wacc': 0.1, 'revenue_growth': 0.2, 'dividend_yield': 0.3}
227.78%;88.21%;22.77%;0.848;0.269;{'roe': 0.4, 'fcfy': 0.2, 'revenue_growth': 0.3, 'dividend_yield': 0.1}
227.35%;87.78%;27.37%;0.814;0.336;{'fcfy': 0.6, 'roic_wacc': 0.2, 'dividend_yield': 0.2}
227.02%;87.44%;9.97%;0.796;0.125;{'roe': 0.2, 'fcfy': 0.1, 'roic_wacc': 0.3, 'revenue_growth': 0.3, 'dividend_yield': 0.1}
227.01%;87.43%;15.37%;0.834;0.184;{'roe': 0.6, 'roic_wacc': 0.3, 'revenue_growth': 0.1}
226.99%;87.42%;22.87%;0.774;0.295;{'roe': 0.2, 'roic_wacc': 0.4, 'revenue_growth': 0.1, 'dividend_yield': 0.3}
226.72%;87.15%;36.75%;0.776;0.473;{'roe': 0.1, 'fcfy': 0.2, 'roic_wacc': 0.2, 'revenue_growth': 0.2, 'dividend_yield': 0.3}
226.70%;87.13%;28.29%;0.775;0.365;{'fcfy': 0.2, 'roic_wacc': 0.5, 'revenue_growth': 0.1, 'dividend_yield': 0.2}
226.65%;87.07%;-4.19%;0.842;-0.05;{'fcfy': 0.3, 'revenue_growth': 0.5, 'dividend_yield': 0.2}
226.61%;87.04%;24.08%;0.866;0.278;{'roe': 0.2, 'fcfy': 0.6, 'roic_wacc': 0.1, 'revenue_growth': 0.1}
226.51%;86.93%;27.05%;0.825;0.328;{'roe': 0.4, 'fcfy': 0.3, 'roic_wacc': 0.1, 'dividend_yield': 0.2}
226.51%;86.93%;26.98%;0.776;0.348;{'roe': 0.2, 'fcfy': 0.2, 'revenue_growth': 0.2, 'dividend_yield': 0.4}
226.45%;86.88%;7.01%;0.81;0.086;{'roe': 0.2, 'revenue_growth': 0.6, 'dividend_yield': 0.2}
226.44%;86.86%;28.92%;0.759;0.381;{'roe': 0.1, 'fcfy': 0.1, 'roic_wacc': 0.3, 'revenue_growth': 0.2, 'dividend_yield': 0.3}
226.14%;86.56%;13.63%;0.774;0.176;{'roe': 0.2, 'roic_wacc': 0.4, 'revenue_growth': 0.2, 'dividend_yield': 0.2}
225.74%;86.16%;35.51%;0.764;0.465;{'roe': 0.3, 'fcfy': 0.1, 'roic_wacc': 0.1, 'dividend_yield': 0.5}
225.63%;86.06%;23.82%;0.82;0.29;{'roe': 0.5, 'fcfy': 0.2, 'roic_wacc': 0.1, 'dividend_yield': 0.2}
225.62%;86.05%;23.19%;0.787;0.295;{'roe': 0.3, 'roic_wacc': 0.4, 'revenue_growth': 0.1, 'dividend_yield': 0.2}
225.58%;86.01%;20.20%;0.79;0.256;{'roe': 0.3, 'roic_wacc': 0.5, 'revenue_growth': 0.1, 'dividend_yield': 0.1}
225.45%;85.87%;-8.97%;0.79;-0.114;{'fcfy': 0.1, 'roic_wacc': 0.1, 'revenue_growth': 0.6, 'dividend_yield': 0.2}
225.44%;85.87%;23.32%;0.832;0.28;{'roe': 0.4, 'fcfy': 0.1, 'revenue_growth': 0.3, 'dividend_yield': 0.2}
225.42%;85.85%;30.14%;0.772;0.39;{'roe': 0.1, 'fcfy': 0.1, 'roic_wacc': 0.3, 'revenue_growth': 0.1, 'dividend_yield': 0.4}
225.41%;85.84%;30.30%;0.822;0.368;{'roe': 0.2, 'fcfy': 0.3, 'roic_wacc': 0.1, 'revenue_growth': 0.2, 'dividend_yield': 0.2}
225.36%;85.78%;24.79%;0.843;0.294;{'roe': 0.4, 'revenue_growth': 0.4, 'dividend_yield': 0.2}
225.30%;85.73%;17.58%;0.826;0.213;{'roe': 0.1, 'fcfy': 0.1, 'revenue_growth': 0.4, 'dividend_yield': 0.4}
225.21%;85.63%;19.67%;0.852;0.231;{'roe': 0.4, 'fcfy': 0.3, 'revenue_growth': 0.2, 'dividend_yield': 0.1}
224.73%;85.15%;26.10%;0.743;0.351;{'roe': 0.1, 'fcfy': 0.3, 'revenue_growth': 0.2, 'dividend_yield': 0.4}
224.67%;85.09%;25.80%;0.754;0.342;{'roe': 0.4, 'fcfy': 0.1, 'roic_wacc': 0.1, 'revenue_growth': 0.1, 'dividend_yield': 0.3}
224.64%;85.06%;29.84%;0.816;0.365;{'roe': 0.3, 'fcfy': 0.2, 'revenue_growth': 0.2, 'dividend_yield': 0.3}
224.54%;84.96%;27.26%;0.762;0.358;{'roe': 0.1, 'fcfy': 0.1, 'roic_wacc': 0.2, 'revenue_growth': 0.2, 'dividend_yield': 0.4}
224.46%;84.88%;19.18%;0.789;0.243;{'roe': 0.1, 'fcfy': 0.5, 'roic_wacc': 0.1, 'revenue_growth': 0.1, 'dividend_yield': 0.2}
224.29%;84.71%;-10.95%;0.826;-0.133;{'fcfy': 0.5, 'revenue_growth': 0.4, 'dividend_yield': 0.1}
224.14%;84.56%;25.84%;0.808;0.32;{'roe': 0.5, 'roic_wacc': 0.4, 'dividend_yield': 0.1}
224.06%;84.49%;26.12%;0.742;0.352;{'roe': 0.3, 'roic_wacc': 0.2, 'revenue_growth': 0.1, 'dividend_yield': 0.4}
224.00%;84.42%;20.54%;0.76;0.27;{'revenue_growth': 0.1, 'dividend_yield': 0.9}
223.95%;84.38%;20.58%;0.808;0.255;{'fcfy': 0.4, 'roic_wacc': 0.2, 'revenue_growth': 0.2, 'dividend_yield': 0.2}
223.94%;84.36%;20.62%;0.795;0.259;{'roe': 0.3, 'fcfy': 0.3, 'revenue_growth': 0.2, 'dividend_yield': 0.2}
223.75%;84.17%;23.69%;0.77;0.308;{'roe': 0.2, 'fcfy': 0.4, 'revenue_growth': 0.1, 'dividend_yield': 0.3}
223.44%;83.87%;23.77%;0.778;0.306;{'roe': 0.1, 'fcfy': 0.4, 'revenue_growth': 0.2, 'dividend_yield': 0.3}
223.32%;83.74%;8.27%;0.763;0.108;{'roic_wacc': 0.3, 'revenue_growth': 0.5, 'dividend_yield': 0.2}
223.08%;83.50%;32.68%;0.936;0.349;{'roe': 0.4, 'fcfy': 0.5, 'revenue_growth': 0.1}
223.01%;83.44%;13.10%;0.816;0.161;{'roe': 0.8, 'revenue_growth': 0.2}
222.68%;83.11%;7.66%;0.793;0.097;{'fcfy': 0.3, 'roic_wacc': 0.4, 'revenue_growth': 0.2, 'dividend_yield': 0.1}
222.67%;83.10%;27.27%;0.769;0.355;{'roe': 0.1, 'fcfy': 0.3, 'roic_wacc': 0.3, 'dividend_yield': 0.3}
222.64%;83.07%;-13.00%;0.786;-0.165;{'fcfy': 0.2, 'roic_wacc': 0.3, 'revenue_growth': 0.5}
222.60%;83.03%;14.11%;0.757;0.186;{'roe': 0.4, 'roic_wacc': 0.2, 'revenue_growth': 0.1, 'dividend_yield': 0.3}
222.55%;82.97%;22.33%;0.788;0.283;{'fcfy': 0.1, 'roic_wacc': 0.2, 'revenue_growth': 0.3, 'dividend_yield': 0.4}
222.51%;82.94%;21.94%;0.78;0.281;{'roe': 0.3, 'fcfy': 0.2, 'roic_wacc': 0.4, 'dividend_yield': 0.1}
222.38%;82.80%;28.78%;0.788;0.365;{'roe': 0.2, 'roic_wacc': 0.6, 'dividend_yield': 0.2}
221.62%;82.05%;18.48%;0.818;0.226;{'roe': 0.5, 'fcfy': 0.2, 'revenue_growth': 0.2, 'dividend_yield': 0.1}
221.60%;82.03%;14.57%;0.797;0.183;{'roe': 0.4, 'fcfy': 0.1, 'roic_wacc': 0.5}
221.59%;82.01%;19.65%;0.785;0.25;{'roe': 0.2, 'fcfy': 0.2, 'roic_wacc': 0.2, 'revenue_growth': 0.2, 'dividend_yield': 0.2}
221.54%;81.96%;25.11%;0.726;0.346;{'roe': 0.1, 'roic_wacc': 0.4, 'revenue_growth': 0.1, 'dividend_yield': 0.4}
221.08%;81.50%;19.16%;0.913;0.21;{'roe': 0.1, 'fcfy': 0.8, 'revenue_growth': 0.1}
221.04%;81.46%;18.28%;0.759;0.241;{'roe': 0.5, 'fcfy': 0.1, 'roic_wacc': 0.1, 'revenue_growth': 0.1, 'dividend_yield': 0.2}
221.02%;81.44%;27.99%;0.752;0.372;{'roe': 0.1, 'fcfy': 0.4, 'roic_wacc': 0.1, 'revenue_growth': 0.1, 'dividend_yield': 0.3}
220.68%;81.10%;19.30%;0.742;0.26;{'roe': 0.1, 'revenue_growth': 0.1, 'dividend_yield': 0.8}
220.25%;80.67%;25.65%;0.72;0.356;{'roe': 0.1, 'fcfy': 0.2, 'roic_wacc': 0.2, 'dividend_yield': 0.5}
220.24%;80.67%;17.25%;0.768;0.225;{'roe': 0.4, 'fcfy': 0.2, 'roic_wacc': 0.1, 'revenue_growth': 0.1, 'dividend_yield': 0.2}
220.11%;80.53%;14.58%;0.857;0.17;{'roe': 0.2, 'fcfy': 0.3, 'roic_wacc': 0.2, 'revenue_growth': 0.2, 'dividend_yield': 0.1}
219.80%;80.23%;-8.85%;0.827;-0.107;{'fcfy': 0.4, 'revenue_growth': 0.5, 'dividend_yield': 0.1}
219.79%;80.22%;23.33%;0.747;0.312;{'roe': 0.1, 'roic_wacc': 0.6, 'dividend_yield': 0.3}
219.74%;80.17%;11.98%;0.739;0.162;{'roe': 0.4, 'roic_wacc': 0.1, 'revenue_growth': 0.2, 'dividend_yield': 0.3}
219.69%;80.11%;23.38%;0.727;0.322;{'roe': 0.3, 'roic_wacc': 0.3, 'dividend_yield': 0.4}
219.57%;79.99%;23.40%;0.788;0.297;{'roe': 0.2, 'fcfy': 0.4, 'roic_wacc': 0.3, 'dividend_yield': 0.1}
219.53%;79.96%;27.47%;0.77;0.357;{'roe': 0.4, 'roic_wacc': 0.1, 'dividend_yield': 0.5}
219.46%;79.89%;-10.18%;0.751;-0.135;{'fcfy': 0.2, 'roic_wacc': 0.2, 'revenue_growth': 0.5, 'dividend_yield': 0.1}
219.24%;79.67%;23.36%;0.774;0.302;{'roe': 0.7, 'revenue_growth': 0.1, 'dividend_yield': 0.2}
218.66%;79.09%;9.42%;0.757;0.124;{'fcfy': 0.1, 'roic_wacc': 0.3, 'revenue_growth': 0.4, 'dividend_yield': 0.2}
218.53%;78.95%;22.46%;0.82;0.274;{'roe': 0.5, 'fcfy': 0.3, 'roic_wacc': 0.1, 'revenue_growth': 0.1}
218.18%;78.60%;20.55%;0.727;0.283;{'roe': 0.1, 'fcfy': 0.1, 'revenue_growth': 0.1, 'dividend_yield': 0.7}
218.11%;78.54%;26.77%;0.727;0.368;{'roic_wacc': 0.5, 'revenue_growth': 0.1, 'dividend_yield': 0.4}
217.80%;78.23%;36.20%;0.752;0.482;{'fcfy': 0.3, 'roic_wacc': 0.3, 'revenue_growth': 0.1, 'dividend_yield': 0.3}
217.60%;78.02%;8.74%;0.774;0.113;{'roe': 0.7, 'fcfy': 0.1, 'roic_wacc': 0.1, 'revenue_growth': 0.1}
217.34%;77.77%;15.90%;0.732;0.217;{'roe': 0.1, 'fcfy': 0.1, 'revenue_growth': 0.2, 'dividend_yield': 0.6}
217.27%;77.69%;26.76%;0.772;0.346;{'roe': 0.3, 'fcfy': 0.3, 'roic_wacc': 0.1, 'dividend_yield': 0.3}
217.19%;77.61%;-8.93%;0.812;-0.11;{'fcfy': 0.6, 'revenue_growth': 0.4}
217.11%;77.54%;21.39%;0.718;0.298;{'roe': 0.1, 'roic_wacc': 0.2, 'revenue_growth': 0.1, 'dividend_yield': 0.6}
217.06%;77.49%;22.99%;0.73;0.315;{'roe': 0.1, 'fcfy': 0.1, 'roic_wacc': 0.2, 'dividend_yield': 0.6}
216.98%;77.41%;18.71%;0.716;0.261;{'roe': 0.5, 'revenue_growth': 0.2, 'dividend_yield': 0.3}
216.93%;77.36%;28.08%;0.742;0.379;{'roe': 0.2, 'fcfy': 0.2, 'roic_wacc': 0.2, 'dividend_yield': 0.4}
216.84%;77.26%;18.74%;0.802;0.234;{'fcfy': 0.1, 'revenue_growth': 0.5, 'dividend_yield': 0.4}
216.82%;77.25%;16.29%;0.809;0.201;{'roe': 0.4, 'roic_wacc': 0.4, 'revenue_growth': 0.1, 'dividend_yield': 0.1}
216.69%;77.11%;19.76%;0.817;0.242;{'fcfy': 0.5, 'revenue_growth': 0.3, 'dividend_yield': 0.2}
216.32%;76.74%;20.84%;0.735;0.284;{'fcfy': 0.7, 'dividend_yield': 0.3}
216.31%;76.74%;21.71%;0.734;0.296;{'roe': 0.5, 'roic_wacc': 0.1, 'revenue_growth': 0.1, 'dividend_yield': 0.3}
216.30%;76.72%;9.98%;0.778;0.128;{'roe': 0.4, 'fcfy': 0.2, 'roic_wacc': 0.4}
216.19%;76.62%;22.80%;0.745;0.306;{'roe': 0.3, 'fcfy': 0.3, 'roic_wacc': 0.3, 'dividend_yield': 0.1}
215.74%;76.17%;25.10%;0.714;0.352;{'roe': 0.3, 'roic_wacc': 0.1, 'revenue_growth': 0.1, 'dividend_yield': 0.5}
215.70%;76.13%;27.65%;0.728;0.38;{'roe': 0.3, 'roic_wacc': 0.2, 'dividend_yield': 0.5}
215.57%;76.00%;20.94%;0.717;0.292;{'roe': 0.1, 'dividend_yield': 0.9}
215.44%;75.87%;19.52%;0.837;0.233;{'roe': 0.2, 'fcfy': 0.5, 'roic_wacc': 0.2, 'revenue_growth': 0.1}
215.44%;75.86%;28.55%;0.767;0.372;{'fcfy': 0.4, 'roic_wacc': 0.4, 'dividend_yield': 0.2}
215.41%;75.83%;24.63%;0.807;0.305;{'roe': 0.2, 'fcfy': 0.3, 'roic_wacc': 0.2, 'revenue_growth': 0.1, 'dividend_yield': 0.2}
215.37%;75.79%;16.96%;0.737;0.23;{'fcfy': 0.1, 'revenue_growth': 0.1, 'dividend_yield': 0.8}
215.25%;75.67%;25.74%;0.723;0.356;{'roic_wacc': 0.4, 'revenue_growth': 0.1, 'dividend_yield': 0.5}
215.11%;75.53%;18.62%;0.816;0.228;{'roe': 0.2, 'fcfy': 0.5, 'roic_wacc': 0.3}
215.09%;75.51%;29.73%;0.742;0.401;{'roe': 0.3, 'fcfy': 0.3, 'dividend_yield': 0.4}
215.02%;75.45%;13.58%;0.79;0.172;{'fcfy': 0.1, 'revenue_growth': 0.4, 'dividend_yield': 0.5}
214.88%;75.30%;16.62%;0.741;0.224;{'roe': 0.3, 'fcfy': 0.3, 'roic_wacc': 0.2, 'dividend_yield': 0.2}
214.76%;75.19%;24.34%;0.821;0.296;{'roe': 0.4, 'fcfy': 0.4, 'dividend_yield': 0.2}
214.73%;75.15%;21.37%;0.73;0.293;{'roe': 0.2, 'roic_wacc': 0.3, 'revenue_growth': 0.1, 'dividend_yield': 0.4}
214.70%;75.12%;29.32%;0.807;0.363;{'roe': 0.1, 'fcfy': 0.6, 'roic_wacc': 0.2, 'dividend_yield': 0.1}
214.41%;74.83%;19.84%;0.725;0.274;{'roe': 0.2, 'roic_wacc': 0.2, 'revenue_growth': 0.2, 'dividend_yield': 0.4}
214.08%;74.50%;20.48%;0.743;0.276;{'roe': 0.4, 'fcfy': 0.2, 'roic_wacc': 0.1, 'dividend_yield': 0.3}
213.44%;73.87%;18.15%;0.748;0.243;{'roe': 0.1, 'fcfy': 0.3, 'roic_wacc': 0.2, 'revenue_growth': 0.2, 'dividend_yield': 0.2}
213.29%;73.72%;25.32%;0.755;0.336;{'roe': 0.1, 'fcfy': 0.4, 'dividend_yield': 0.5}
213.19%;73.62%;8.70%;0.794;0.11;{'roe': 0.5, 'fcfy': 0.2, 'roic_wacc': 0.3}
213.17%;73.59%;27.46%;0.748;0.367;{'roe': 0.3, 'fcfy': 0.2, 'revenue_growth': 0.1, 'dividend_yield': 0.4}
213.02%;73.45%;23.20%;0.782;0.297;{'roe': 0.2, 'revenue_growth': 0.5, 'dividend_yield': 0.3}
212.87%;73.30%;19.34%;0.716;0.27;{'roe': 0.1, 'roic_wacc': 0.3, 'revenue_growth': 0.1, 'dividend_yield': 0.5}
212.79%;73.21%;32.46%;0.756;0.429;{'roe': 0.3, 'fcfy': 0.2, 'dividend_yield': 0.5}
212.74%;73.16%;13.30%;0.795;0.167;{'roe': 0.5, 'roic_wacc': 0.3, 'revenue_growth': 0.1, 'dividend_yield': 0.1}
212.59%;73.01%;11.41%;0.762;0.15;{'roe': 0.4, 'roic_wacc': 0.6}
212.52%;72.95%;23.51%;0.721;0.326;{'roe': 0.6, 'revenue_growth': 0.1, 'dividend_yield': 0.3}
212.40%;72.83%;6.09%;0.774;0.079;{'fcfy': 0.4, 'roic_wacc': 0.3, 'revenue_growth': 0.2, 'dividend_yield': 0.1}
211.88%;72.31%;7.36%;0.755;0.097;{'roe': 0.2, 'roic_wacc': 0.4, 'revenue_growth': 0.3, 'dividend_yield': 0.1}
211.80%;72.23%;-10.02%;0.754;-0.133;{'fcfy': 0.3, 'roic_wacc': 0.3, 'revenue_growth': 0.4}
211.74%;72.17%;18.07%;0.722;0.25;{'fcfy': 0.1, 'roic_wacc': 0.3, 'revenue_growth': 0.3, 'dividend_yield': 0.3}
210.92%;71.34%;9.89%;0.742;0.133;{'roe': 0.5, 'roic_wacc': 0.2, 'revenue_growth': 0.1, 'dividend_yield': 0.2}
210.77%;71.20%;24.49%;0.761;0.322;{'roe': 0.1, 'fcfy': 0.3, 'roic_wacc': 0.1, 'dividend_yield': 0.5}
210.74%;71.17%;17.01%;0.753;0.226;{'roe': 0.5, 'roic_wacc': 0.3, 'dividend_yield': 0.2}
210.60%;71.02%;13.70%;0.742;0.185;{'fcfy': 0.2, 'revenue_growth': 0.3, 'dividend_yield': 0.5}
210.58%;71.00%;16.79%;0.76;0.221;{'roe': 0.1, 'fcfy': 0.4, 'roic_wacc': 0.3, 'revenue_growth': 0.1, 'dividend_yield': 0.1}
210.53%;70.95%;26.64%;0.727;0.366;{'fcfy': 0.4, 'roic_wacc': 0.2, 'revenue_growth': 0.1, 'dividend_yield': 0.3}
210.39%;70.81%;18.69%;0.723;0.258;{'fcfy': 0.1, 'roic_wacc': 0.5, 'revenue_growth': 0.1, 'dividend_yield': 0.3}
210.35%;70.77%;15.34%;0.725;0.211;{'roe': 0.5, 'fcfy': 0.1, 'roic_wacc': 0.2, 'dividend_yield': 0.2}
210.32%;70.74%;20.05%;0.715;0.28;{'roe': 0.2, 'revenue_growth': 0.3, 'dividend_yield': 0.5}
210.31%;70.73%;17.23%;0.774;0.223;{'fcfy': 0.1, 'roic_wacc': 0.1, 'revenue_growth': 0.3, 'dividend_yield': 0.5}
210.20%;70.63%;9.96%;0.804;0.124;{'fcfy': 0.7, 'revenue_growth': 0.2, 'dividend_yield': 0.1}
210.00%;70.43%;23.28%;0.759;0.307;{'roe': 0.2, 'fcfy': 0.3, 'roic_wacc': 0.2, 'dividend_yield': 0.3}
209.94%;70.37%;19.01%;0.707;0.269;{'roe': 0.4, 'fcfy': 0.1, 'roic_wacc': 0.2, 'dividend_yield': 0.3}
209.78%;70.21%;24.95%;0.778;0.321;{'fcfy': 0.5, 'roic_wacc': 0.3, 'dividend_yield': 0.2}
209.62%;70.04%;4.41%;0.743;0.059;{'roe': 0.8, 'roic_wacc': 0.1, 'revenue_growth': 0.1}
209.17%;69.60%;9.97%;0.715;0.139;{'roe': 0.3, 'roic_wacc': 0.3, 'revenue_growth': 0.2, 'dividend_yield': 0.2}
209.10%;69.52%;19.99%;0.717;0.279;{'roe': 0.3, 'fcfy': 0.1, 'roic_wacc': 0.2, 'dividend_yield': 0.4}
208.73%;69.16%;-11.89%;0.738;-0.161;{'fcfy': 0.2, 'revenue_growth': 0.7, 'dividend_yield': 0.1}
208.59%;69.01%;21.94%;0.687;0.319;{'roe': 0.2, 'roic_wacc': 0.2, 'revenue_growth': 0.1, 'dividend_yield': 0.5}
208.54%;68.97%;13.97%;0.707;0.197;{'roe': 0.4, 'revenue_growth': 0.3, 'dividend_yield': 0.3}
208.52%;68.95%;10.74%;0.765;0.14;{'fcfy': 0.3, 'revenue_growth': 0.4, 'dividend_yield': 0.3}
208.42%;68.85%;17.85%;0.711;0.251;{'roe': 0.2, 'roic_wacc': 0.3, 'revenue_growth': 0.2, 'dividend_yield': 0.3}
208.26%;68.69%;14.86%;0.691;0.215;{'roic_wacc': 0.2, 'dividend_yield': 0.8}
207.82%;68.25%;13.06%;0.747;0.175;{'roe': 0.5, 'fcfy': 0.1, 'roic_wacc': 0.3, 'dividend_yield': 0.1}
207.78%;68.21%;16.35%;0.723;0.226;{'fcfy': 0.4, 'revenue_growth': 0.1, 'dividend_yield': 0.5}
207.73%;68.15%;-19.02%;0.716;-0.266;{'roic_wacc': 0.2, 'revenue_growth': 0.8}
207.28%;67.71%;27.93%;0.723;0.386;{'roe': 0.1, 'fcfy': 0.3, 'roic_wacc': 0.1, 'revenue_growth': 0.1, 'dividend_yield': 0.4}
207.28%;67.70%;10.02%;0.71;0.141;{'roe': 0.2, 'roic_wacc': 0.3, 'revenue_growth': 0.3, 'dividend_yield': 0.2}
207.13%;67.56%;18.19%;0.706;0.258;{'roe': 0.2, 'dividend_yield': 0.8}
207.00%;67.43%;29.38%;0.726;0.405;{'roe': 0.2, 'fcfy': 0.3, 'roic_wacc': 0.1, 'dividend_yield': 0.4}
206.98%;67.40%;16.23%;0.713;0.228;{'roic_wacc': 0.1, 'dividend_yield': 0.9}
206.96%;67.38%;18.98%;0.742;0.256;{'roe': 0.7, 'fcfy': 0.1, 'dividend_yield': 0.2}
206.95%;67.37%;9.72%;0.808;0.12;{'roe': 0.6, 'fcfy': 0.1, 'revenue_growth': 0.3}
206.90%;67.33%;28.48%;0.709;0.401;{'roe': 0.1, 'fcfy': 0.2, 'roic_wacc': 0.3, 'revenue_growth': 0.1, 'dividend_yield': 0.3}
206.76%;67.18%;25.65%;0.807;0.318;{'roe': 0.4, 'fcfy': 0.5, 'dividend_yield': 0.1}
206.63%;67.06%;19.89%;0.715;0.278;{'roe': 0.3, 'fcfy': 0.1, 'roic_wacc': 0.1, 'revenue_growth': 0.1, 'dividend_yield': 0.4}
206.51%;66.94%;31.55%;0.733;0.431;{'roe': 0.2, 'fcfy': 0.2, 'roic_wacc': 0.1, 'dividend_yield': 0.5}
206.47%;66.90%;25.38%;0.703;0.361;{'roe': 0.2, 'fcfy': 0.1, 'roic_wacc': 0.2, 'dividend_yield': 0.5}
206.41%;66.84%;24.58%;0.7;0.351;{'roe': 0.2, 'fcfy': 0.1, 'roic_wacc': 0.2, 'revenue_growth': 0.1, 'dividend_yield': 0.4}
206.39%;66.82%;26.45%;0.746;0.355;{'roe': 0.2, 'fcfy': 0.2, 'roic_wacc': 0.1, 'revenue_growth': 0.1, 'dividend_yield': 0.4}
206.26%;66.69%;26.30%;0.719;0.366;{'roe': 0.5, 'fcfy': 0.1, 'revenue_growth': 0.1, 'dividend_yield': 0.3}
206.01%;66.44%;25.34%;0.738;0.344;{'roe': 0.3, 'fcfy': 0.3, 'revenue_growth': 0.1, 'dividend_yield': 0.3}
205.65%;66.07%;14.83%;0.74;0.2;{'roe': 0.6, 'fcfy': 0.1, 'roic_wacc': 0.1, 'dividend_yield': 0.2}
205.40%;65.83%;17.01%;0.713;0.239;{'roe': 0.2, 'roic_wacc': 0.4, 'dividend_yield': 0.4}
205.23%;65.66%;23.39%;0.782;0.299;{'roe': 0.1, 'fcfy': 0.8, 'dividend_yield': 0.1}
205.16%;65.59%;23.86%;0.777;0.307;{'roe': 0.2, 'fcfy': 0.7, 'dividend_yield': 0.1}
205.11%;65.54%;16.54%;0.773;0.214;{'roic_wacc': 0.1, 'revenue_growth': 0.3, 'dividend_yield': 0.6}
205.08%;65.51%;16.58%;0.708;0.234;{'roe': 0.3, 'fcfy': 0.1, 'roic_wacc': 0.2, 'revenue_growth': 0.1, 'dividend_yield': 0.3}
204.95%;65.37%;15.97%;0.729;0.219;{'fcfy': 0.3, 'revenue_growth': 0.1, 'dividend_yield': 0.6}
204.95%;65.37%;21.64%;0.748;0.289;{'roe': 0.5, 'fcfy': 0.1, 'dividend_yield': 0.4}
204.95%;65.37%;20.09%;0.701;0.287;{'roe': 0.1, 'fcfy': 0.1, 'roic_wacc': 0.1, 'dividend_yield': 0.7}
204.88%;65.30%;14.90%;0.729;0.204;{'roe': 0.4, 'fcfy': 0.1, 'roic_wacc': 0.3, 'dividend_yield': 0.2}
204.79%;65.21%;15.59%;0.772;0.202;{'roe': 0.2, 'fcfy': 0.4, 'roic_wacc': 0.4}
204.78%;65.21%;23.58%;0.777;0.303;{'roe': 0.3, 'fcfy': 0.4, 'roic_wacc': 0.1, 'dividend_yield': 0.2}
204.24%;64.67%;15.76%;0.769;0.205;{'roe': 0.6, 'fcfy': 0.2, 'revenue_growth': 0.1, 'dividend_yield': 0.1}
204.10%;64.52%;19.35%;0.703;0.275;{'roe': 0.4, 'revenue_growth': 0.1, 'dividend_yield': 0.5}
203.93%;64.36%;20.19%;0.72;0.28;{'roe': 0.2, 'fcfy': 0.5, 'revenue_growth': 0.1, 'dividend_yield': 0.2}
203.59%;64.01%;15.28%;0.701;0.218;{'roic_wacc': 0.3, 'revenue_growth': 0.1, 'dividend_yield': 0.6}
203.57%;64.00%;21.54%;0.815;0.264;{'roe': 0.3, 'fcfy': 0.7}
203.52%;63.95%;22.85%;0.833;0.274;{'roe': 0.5, 'fcfy': 0.5}
203.37%;63.80%;16.23%;0.699;0.232;{'roe': 0.4, 'fcfy': 0.2, 'roic_wacc': 0.2, 'dividend_yield': 0.2}
202.97%;63.39%;6.95%;0.745;0.093;{'roe': 0.4, 'fcfy': 0.3, 'roic_wacc': 0.3}
202.87%;63.30%;19.01%;0.688;0.276;{'fcfy': 0.1, 'roic_wacc': 0.3, 'revenue_growth': 0.1, 'dividend_yield': 0.5}
202.76%;63.19%;27.71%;0.711;0.39;{'fcfy': 0.2, 'roic_wacc': 0.3, 'revenue_growth': 0.2, 'dividend_yield': 0.3}
202.75%;63.17%;16.73%;0.699;0.239;{'roe': 0.4, 'roic_wacc': 0.2, 'dividend_yield': 0.4}
202.68%;63.11%;22.15%;0.676;0.328;{'fcfy': 0.2, 'roic_wacc': 0.3, 'revenue_growth': 0.1, 'dividend_yield': 0.4}
202.47%;62.90%;27.11%;0.743;0.365;{'roe': 0.4, 'fcfy': 0.2, 'revenue_growth': 0.1, 'dividend_yield': 0.3}
202.27%;62.69%;21.31%;0.732;0.291;{'roe': 0.1, 'fcfy': 0.3, 'roic_wacc': 0.2, 'dividend_yield': 0.4}
202.25%;62.67%;4.73%;0.756;0.063;{'roe': 0.6, 'fcfy': 0.1, 'roic_wacc': 0.3}
201.93%;62.35%;12.26%;0.763;0.161;{'roe': 0.1, 'fcfy': 0.2, 'roic_wacc': 0.3, 'revenue_growth': 0.2, 'dividend_yield': 0.2}
201.86%;62.28%;8.04%;0.715;0.113;{'roe': 0.8, 'fcfy': 0.1, 'roic_wacc': 0.1}
201.82%;62.25%;14.93%;0.703;0.212;{'roic_wacc': 0.6, 'revenue_growth': 0.1, 'dividend_yield': 0.3}
201.81%;62.23%;9.62%;0.691;0.139;{'roe': 0.2, 'fcfy': 0.3, 'roic_wacc': 0.3, 'dividend_yield': 0.2}
201.80%;62.22%;23.46%;0.731;0.321;{'roe': 0.1, 'fcfy': 0.3, 'roic_wacc': 0.3, 'revenue_growth': 0.1, 'dividend_yield': 0.2}
201.68%;62.10%;10.35%;0.693;0.149;{'fcfy': 0.1, 'revenue_growth': 0.2, 'dividend_yield': 0.7}
201.59%;62.02%;12.69%;0.763;0.166;{'roe': 0.7, 'fcfy': 0.2, 'roic_wacc': 0.1}
201.48%;61.90%;9.08%;0.708;0.128;{'roe': 0.9, 'roic_wacc': 0.1}
201.09%;61.51%;8.70%;0.768;0.113;{'roe': 0.2, 'fcfy': 0.5, 'roic_wacc': 0.1, 'revenue_growth': 0.1, 'dividend_yield': 0.1}
201.04%;61.46%;-14.73%;0.689;-0.214;{'fcfy': 0.2, 'roic_wacc': 0.1, 'revenue_growth': 0.5, 'dividend_yield': 0.2}
201.02%;61.44%;9.86%;0.72;0.137;{'fcfy': 0.1, 'revenue_growth': 0.3, 'dividend_yield': 0.6}
200.85%;61.28%;22.80%;0.755;0.302;{'roe': 0.3, 'fcfy': 0.5, 'dividend_yield': 0.2}
200.53%;60.95%;-8.98%;0.735;-0.122;{'fcfy': 0.1, 'revenue_growth': 0.9}
200.53%;60.95%;13.51%;0.77;0.175;{'roe': 0.1, 'revenue_growth': 0.4, 'dividend_yield': 0.5}
200.38%;60.80%;14.44%;0.713;0.202;{'fcfy': 0.4, 'roic_wacc': 0.1, 'revenue_growth': 0.2, 'dividend_yield': 0.3}
200.31%;60.74%;13.42%;0.741;0.181;{'roe': 0.2, 'fcfy': 0.4, 'roic_wacc': 0.1, 'revenue_growth': 0.1, 'dividend_yield': 0.2}
200.13%;60.56%;13.91%;0.831;0.167;{'fcfy': 0.9, 'revenue_growth': 0.1}
200.12%;60.54%;20.58%;0.697;0.295;{'roe': 0.2, 'fcfy': 0.3, 'roic_wacc': 0.1, 'revenue_growth': 0.1, 'dividend_yield': 0.3}
200.10%;60.53%;13.69%;0.677;0.202;{'roe': 0.3, 'revenue_growth': 0.3, 'dividend_yield': 0.4}
199.98%;60.41%;-10.61%;0.771;-0.138;{'roe': 0.1, 'fcfy': 0.6, 'revenue_growth': 0.3}
199.96%;60.38%;19.11%;0.747;0.256;{'fcfy': 0.5, 'roic_wacc': 0.1, 'revenue_growth': 0.2, 'dividend_yield': 0.2}
199.74%;60.16%;18.13%;0.693;0.261;{'roe': 0.5, 'revenue_growth': 0.1, 'dividend_yield': 0.4}
199.66%;60.09%;10.97%;0.735;0.149;{'roe': 0.1, 'fcfy': 0.4, 'roic_wacc': 0.3, 'dividend_yield': 0.2}
199.63%;60.06%;21.61%;0.68;0.318;{'fcfy': 0.1, 'roic_wacc': 0.6, 'dividend_yield': 0.3}
199.63%;60.06%;16.36%;0.717;0.228;{'fcfy': 0.2, 'dividend_yield': 0.8}
199.63%;60.06%;7.57%;0.726;0.104;{'roe': 0.7, 'roic_wacc': 0.2, 'dividend_yield': 0.1}
199.61%;60.04%;16.81%;0.673;0.25;{'roe': 0.1, 'roic_wacc': 0.1, 'dividend_yield': 0.8}
199.59%;60.02%;24.24%;0.708;0.342;{'fcfy': 0.3, 'roic_wacc': 0.2, 'revenue_growth': 0.1, 'dividend_yield': 0.4}
199.53%;59.96%;12.36%;0.804;0.154;{'roe': 0.3, 'fcfy': 0.5, 'roic_wacc': 0.1, 'revenue_growth': 0.1}
199.32%;59.74%;23.69%;0.711;0.333;{'roe': 0.1, 'fcfy': 0.3, 'dividend_yield': 0.6}
199.03%;59.45%;18.24%;0.71;0.257;{'roe': 0.4, 'fcfy': 0.1, 'roic_wacc': 0.1, 'dividend_yield': 0.4}
198.69%;59.12%;15.03%;0.708;0.212;{'roe': 0.4, 'roic_wacc': 0.4, 'dividend_yield': 0.2}
198.49%;58.92%;19.92%;0.731;0.273;{'fcfy': 0.3, 'roic_wacc': 0.1, 'revenue_growth': 0.2, 'dividend_yield': 0.4}
198.48%;58.90%;1.66%;0.723;0.023;{'roe': 0.6, 'fcfy': 0.2, 'roic_wacc': 0.2}
198.27%;58.69%;16.52%;0.777;0.213;{'roe': 0.2, 'fcfy': 0.5, 'roic_wacc': 0.2, 'dividend_yield': 0.1}
198.14%;58.56%;10.48%;0.686;0.153;{'fcfy': 0.1, 'roic_wacc': 0.1, 'revenue_growth': 0.1, 'dividend_yield': 0.7}
197.98%;58.40%;12.62%;0.678;0.186;{'roe': 0.2, 'roic_wacc': 0.3, 'dividend_yield': 0.5}
197.95%;58.37%;6.01%;0.723;0.083;{'revenue_growth': 0.5, 'dividend_yield': 0.5}
197.86%;58.29%;15.94%;0.724;0.22;{'fcfy': 0.3, 'roic_wacc': 0.3, 'revenue_growth': 0.2, 'dividend_yield': 0.2}
197.71%;58.14%;14.53%;0.719;0.202;{'fcfy': 0.5, 'revenue_growth': 0.2, 'dividend_yield': 0.3}
197.70%;58.12%;15.48%;0.722;0.215;{'roe': 0.3, 'roic_wacc': 0.5, 'dividend_yield': 0.2}
197.69%;58.11%;10.09%;0.676;0.149;{'roe': 0.4, 'fcfy': 0.1, 'revenue_growth': 0.2, 'dividend_yield': 0.3}
197.65%;58.08%;6.27%;0.761;0.082;{'roe': 0.6, 'roic_wacc': 0.4}
197.47%;57.90%;19.21%;0.728;0.264;{'fcfy': 0.3, 'roic_wacc': 0.1, 'revenue_growth': 0.1, 'dividend_yield': 0.5}
197.31%;57.73%;18.28%;0.712;0.257;{'roe': 0.5, 'fcfy': 0.1, 'roic_wacc': 0.1, 'dividend_yield': 0.3}
197.17%;57.60%;15.74%;0.694;0.227;{'roe': 0.6, 'dividend_yield': 0.4}
196.92%;57.34%;-6.75%;0.721;-0.094;{'roe': 0.1, 'roic_wacc': 0.1, 'revenue_growth': 0.6, 'dividend_yield': 0.2}
196.89%;57.31%;9.31%;0.741;0.126;{'roe': 0.5, 'roic_wacc': 0.5}
196.71%;57.14%;13.56%;0.68;0.199;{'fcfy': 0.5, 'dividend_yield': 0.5}
196.67%;57.10%;-11.53%;0.719;-0.16;{'fcfy': 0.1, 'revenue_growth': 0.8, 'dividend_yield': 0.1}
196.65%;57.08%;-18.09%;0.704;-0.257;{'roic_wacc': 0.1, 'revenue_growth': 0.8, 'dividend_yield': 0.1}
196.49%;56.91%;15.25%;0.787;0.194;{'roe': 0.2, 'fcfy': 0.6, 'roic_wacc': 0.2}
196.29%;56.71%;10.81%;0.702;0.154;{'revenue_growth': 0.3, 'dividend_yield': 0.7}
196.16%;56.59%;20.69%;0.664;0.312;{'roe': 0.1, 'fcfy': 0.2, 'roic_wacc': 0.2, 'revenue_growth': 0.1, 'dividend_yield': 0.4}
196.16%;56.58%;9.24%;0.726;0.127;{'fcfy': 0.4, 'revenue_growth': 0.2, 'dividend_yield': 0.4}
195.57%;56.00%;-9.12%;0.748;-0.122;{'fcfy': 0.2, 'revenue_growth': 0.6, 'dividend_yield': 0.2}
195.54%;55.97%;18.01%;0.688;0.262;{'roe': 0.2, 'fcfy': 0.1, 'dividend_yield': 0.7}
195.25%;55.68%;15.60%;0.714;0.219;{'fcfy': 0.4, 'dividend_yield': 0.6}
194.63%;55.05%;10.91%;0.687;0.159;{'roe': 0.3, 'roic_wacc': 0.4, 'dividend_yield': 0.3}
194.33%;54.76%;15.53%;0.674;0.231;{'roe': 0.1, 'fcfy': 0.2, 'roic_wacc': 0.3, 'dividend_yield': 0.4}
194.32%;54.74%;22.28%;0.736;0.303;{'roe': 0.2, 'fcfy': 0.5, 'roic_wacc': 0.1, 'dividend_yield': 0.2}
194.24%;54.66%;16.01%;0.677;0.236;{'roe': 0.7, 'roic_wacc': 0.1, 'dividend_yield': 0.2}
194.23%;54.65%;14.14%;0.664;0.213;{'roe': 0.5, 'roic_wacc': 0.2, 'dividend_yield': 0.3}
194.20%;54.63%;10.40%;0.755;0.138;{'fcfy': 0.6, 'revenue_growth': 0.2, 'dividend_yield': 0.2}
193.96%;54.39%;13.82%;0.69;0.2;{'fcfy': 0.2, 'revenue_growth': 0.1, 'dividend_yield': 0.7}
193.96%;54.38%;12.33%;0.716;0.172;{'roe': 0.2, 'fcfy': 0.6, 'revenue_growth': 0.1, 'dividend_yield': 0.1}
193.85%;54.28%;20.10%;0.718;0.28;{'fcfy': 0.4, 'roic_wacc': 0.1, 'dividend_yield': 0.5}
193.77%;54.20%;15.98%;0.631;0.253;{'fcfy': 0.2, 'roic_wacc': 0.4, 'revenue_growth': 0.1, 'dividend_yield': 0.3}
193.72%;54.15%;3.32%;0.755;0.044;{'fcfy': 0.8, 'revenue_growth': 0.1, 'dividend_yield': 0.1}
193.34%;53.76%;15.55%;0.767;0.203;{'roe': 0.3, 'fcfy': 0.5, 'roic_wacc': 0.1, 'dividend_yield': 0.1}
193.10%;53.53%;5.79%;0.702;0.082;{'roe': 0.2, 'fcfy': 0.1, 'roic_wacc': 0.3, 'revenue_growth': 0.2, 'dividend_yield': 0.2}
193.08%;53.50%;10.43%;0.664;0.157;{'fcfy': 0.1, 'roic_wacc': 0.4, 'dividend_yield': 0.5}
193.06%;53.48%;-12.22%;0.703;-0.174;{'roe': 0.1, 'fcfy': 0.1, 'revenue_growth': 0.6, 'dividend_yield': 0.2}
193.01%;53.44%;17.89%;0.663;0.27;{'roe': 0.7, 'dividend_yield': 0.3}
192.93%;53.35%;8.74%;0.715;0.122;{'roe': 0.1, 'fcfy': 0.5, 'revenue_growth': 0.2, 'dividend_yield': 0.2}
192.80%;53.22%;9.26%;0.644;0.144;{'roe': 0.1, 'fcfy': 0.1, 'roic_wacc': 0.2, 'revenue_growth': 0.1, 'dividend_yield': 0.5}
192.70%;53.13%;18.67%;0.715;0.261;{'fcfy': 0.3, 'dividend_yield': 0.7}
192.66%;53.08%;18.45%;0.691;0.267;{'fcfy': 0.3, 'roic_wacc': 0.4, 'revenue_growth': 0.1, 'dividend_yield': 0.2}
192.20%;52.62%;17.96%;0.725;0.248;{'roe': 0.4, 'fcfy': 0.2, 'revenue_growth': 0.2, 'dividend_yield': 0.2}
192.06%;52.49%;15.16%;0.755;0.201;{'roe': 0.1, 'fcfy': 0.8, 'roic_wacc': 0.1}
191.47%;51.90%;13.19%;0.736;0.179;{'roe': 0.9, 'fcfy': 0.1}
191.33%;51.76%;15.10%;0.666;0.227;{'roe': 0.3, 'fcfy': 0.2, 'roic_wacc': 0.3, 'dividend_yield': 0.2}
191.21%;51.63%;13.94%;0.669;0.208;{'fcfy': 0.3, 'roic_wacc': 0.4, 'dividend_yield': 0.3}
191.17%;51.60%;9.02%;0.664;0.136;{'roic_wacc': 0.4, 'dividend_yield': 0.6}
190.83%;51.26%;19.89%;0.68;0.293;{'roe': 0.1, 'fcfy': 0.2, 'dividend_yield': 0.7}
190.74%;51.17%;2.05%;0.738;0.028;{'roe': 0.5, 'fcfy': 0.1, 'roic_wacc': 0.4}
190.71%;51.13%;17.86%;0.665;0.268;{'fcfy': 0.2, 'roic_wacc': 0.5, 'dividend_yield': 0.3}
190.69%;51.12%;18.06%;0.705;0.256;{'roe': 0.1, 'fcfy': 0.3, 'roic_wacc': 0.2, 'revenue_growth': 0.1, 'dividend_yield': 0.3}
190.55%;50.98%;-18.57%;0.725;-0.256;{'fcfy': 0.2, 'roic_wacc': 0.1, 'revenue_growth': 0.6, 'dividend_yield': 0.1}
190.42%;50.85%;4.83%;0.69;0.07;{'fcfy': 0.3, 'revenue_growth': 0.3, 'dividend_yield': 0.4}
190.35%;50.78%;15.67%;0.66;0.237;{'roe': 0.3, 'fcfy': 0.1, 'roic_wacc': 0.3, 'dividend_yield': 0.3}
190.29%;50.71%;19.17%;0.713;0.269;{'roe': 0.1, 'fcfy': 0.6, 'roic_wacc': 0.1, 'dividend_yield': 0.2}
190.20%;50.63%;4.71%;0.658;0.072;{'roic_wacc': 0.3, 'dividend_yield': 0.7}
190.19%;50.61%;10.84%;0.705;0.154;{'roe': 0.6, 'fcfy': 0.3, 'dividend_yield': 0.1}
190.17%;50.59%;-0.39%;0.713;-0.005;{'roe': 0.7, 'fcfy': 0.1, 'roic_wacc': 0.2}
189.67%;50.09%;8.48%;0.672;0.126;{'revenue_growth': 0.2, 'dividend_yield': 0.8}
189.47%;49.89%;5.03%;0.702;0.072;{'roe': 0.3, 'fcfy': 0.2, 'roic_wacc': 0.2, 'revenue_growth': 0.1, 'dividend_yield': 0.2}
189.41%;49.84%;9.71%;0.635;0.153;{'roe': 0.4, 'roic_wacc': 0.1, 'revenue_growth': 0.1, 'dividend_yield': 0.4}
189.31%;49.73%;9.45%;0.689;0.137;{'roe': 0.5, 'fcfy': 0.2, 'dividend_yield': 0.3}
189.19%;49.62%;10.43%;0.738;0.141;{'roe': 0.3, 'fcfy': 0.5, 'roic_wacc': 0.2}
189.16%;49.58%;1.50%;0.732;0.021;{'roe': 0.7, 'roic_wacc': 0.3}
188.98%;49.41%;18.93%;0.671;0.282;{'roe': 0.1, 'fcfy': 0.1, 'dividend_yield': 0.8}
188.97%;49.40%;14.20%;0.676;0.21;{'roe': 0.8, 'dividend_yield': 0.2}
188.70%;49.13%;17.56%;0.711;0.247;{'roe': 0.2, 'fcfy': 0.4, 'roic_wacc': 0.2, 'dividend_yield': 0.2}
188.60%;49.02%;8.26%;0.753;0.11;{'roe': 0.6, 'fcfy': 0.3, 'roic_wacc': 0.1}
188.56%;48.98%;6.65%;0.719;0.092;{'roe': 0.5, 'fcfy': 0.4, 'roic_wacc': 0.1}
188.37%;48.79%;7.46%;0.659;0.113;{'roic_wacc': 0.1, 'revenue_growth': 0.1, 'dividend_yield': 0.8}
188.30%;48.73%;14.49%;0.667;0.217;{'roe': 0.3, 'fcfy': 0.2, 'roic_wacc': 0.2, 'dividend_yield': 0.3}
188.03%;48.46%;7.12%;0.685;0.104;{'roe': 0.9, 'dividend_yield': 0.1}
188.01%;48.44%;11.89%;0.66;0.18;{'roe': 0.1, 'fcfy': 0.1, 'roic_wacc': 0.4, 'dividend_yield': 0.4}
187.93%;48.36%;13.77%;0.659;0.209;{'roe': 0.3, 'fcfy': 0.2, 'roic_wacc': 0.1, 'revenue_growth': 0.1, 'dividend_yield': 0.3}
187.91%;48.33%;4.31%;0.711;0.061;{'revenue_growth': 0.6, 'dividend_yield': 0.4}
187.90%;48.33%;13.04%;0.649;0.201;{'fcfy': 0.1, 'roic_wacc': 0.2, 'revenue_growth': 0.1, 'dividend_yield': 0.6}
187.89%;48.32%;14.54%;0.727;0.2;{'fcfy': 0.4, 'roic_wacc': 0.2, 'dividend_yield': 0.4}
187.88%;48.30%;11.85%;0.645;0.184;{'fcfy': 0.2, 'roic_wacc': 0.4, 'dividend_yield': 0.4}
187.44%;47.87%;10.72%;0.707;0.152;{'roe': 0.1, 'fcfy': 0.1, 'revenue_growth': 0.5, 'dividend_yield': 0.3}
187.42%;47.85%;11.63%;0.731;0.159;{'fcfy': 0.9, 'dividend_yield': 0.1}
187.22%;47.65%;-5.54%;0.67;-0.083;{'roic_wacc': 0.1, 'revenue_growth': 0.6, 'dividend_yield': 0.3}
187.06%;47.49%;-22.50%;0.704;-0.32;{'fcfy': 0.1, 'roic_wacc': 0.1, 'revenue_growth': 0.7, 'dividend_yield': 0.1}
186.85%;47.27%;10.43%;0.653;0.16;{'roe': 0.1, 'roic_wacc': 0.4, 'dividend_yield': 0.5}
186.28%;46.71%;12.85%;0.651;0.197;{'roe': 0.2, 'fcfy': 0.1, 'roic_wacc': 0.3, 'dividend_yield': 0.4}
186.25%;46.68%;11.82%;0.754;0.157;{'roe': 0.7, 'fcfy': 0.3}
185.98%;46.40%;15.31%;0.666;0.23;{'roe': 0.1, 'fcfy': 0.2, 'roic_wacc': 0.1, 'dividend_yield': 0.6}
185.62%;46.05%;9.99%;0.657;0.152;{'roe': 0.1, 'roic_wacc': 0.3, 'dividend_yield': 0.6}
185.33%;45.75%;11.49%;0.63;0.182;{'roe': 0.1, 'fcfy': 0.2, 'revenue_growth': 0.2, 'dividend_yield': 0.5}
185.15%;45.58%;12.46%;0.632;0.197;{'roic_wacc': 0.6, 'dividend_yield': 0.4}
185.03%;45.45%;15.05%;0.737;0.204;{'roe': 0.2, 'fcfy': 0.6, 'roic_wacc': 0.1, 'dividend_yield': 0.1}
184.78%;45.21%;14.34%;0.776;0.185;{'roe': 0.4, 'fcfy': 0.6}
184.36%;44.78%;11.56%;0.644;0.179;{'roic_wacc': 0.5, 'dividend_yield': 0.5}
184.15%;44.58%;14.92%;0.669;0.223;{'fcfy': 0.5, 'roic_wacc': 0.1, 'dividend_yield': 0.4}
183.63%;44.05%;10.68%;0.643;0.166;{'roe': 0.2, 'fcfy': 0.1, 'roic_wacc': 0.3, 'revenue_growth': 0.1, 'dividend_yield': 0.3}
183.53%;43.96%;13.81%;0.663;0.208;{'roe': 0.2, 'fcfy': 0.2, 'roic_wacc': 0.3, 'dividend_yield': 0.3}
183.33%;43.75%;7.39%;0.653;0.113;{'roe': 0.1, 'fcfy': 0.3, 'roic_wacc': 0.4, 'dividend_yield': 0.2}
183.12%;43.54%;5.56%;0.648;0.086;{'roe': 0.2, 'roic_wacc': 0.5, 'dividend_yield': 0.3}
183.05%;43.47%;5.40%;0.7;0.077;{'roe': 0.3, 'fcfy': 0.3, 'roic_wacc': 0.1, 'revenue_growth': 0.1, 'dividend_yield': 0.2}
182.89%;43.31%;9.60%;0.647;0.148;{'roe': 0.2, 'fcfy': 0.1, 'roic_wacc': 0.4, 'dividend_yield': 0.3}
182.32%;42.74%;10.64%;0.637;0.167;{'roe': 0.5, 'roic_wacc': 0.1, 'dividend_yield': 0.4}
182.31%;42.74%;7.86%;0.647;0.121;{'fcfy': 0.2, 'roic_wacc': 0.1, 'revenue_growth': 0.2, 'dividend_yield': 0.5}
182.23%;42.65%;17.02%;0.634;0.269;{'roe': 0.1, 'fcfy': 0.2, 'roic_wacc': 0.5, 'dividend_yield': 0.2}
181.93%;42.36%;9.72%;0.678;0.143;{'roe': 0.6, 'fcfy': 0.1, 'dividend_yield': 0.3}
181.88%;42.31%;8.58%;0.625;0.137;{'fcfy': 0.1, 'roic_wacc': 0.1, 'dividend_yield': 0.8}
181.54%;41.96%;-4.41%;0.73;-0.06;{'fcfy': 0.8, 'revenue_growth': 0.2}
181.46%;41.89%;9.58%;0.732;0.131;{'roe': 0.6, 'fcfy': 0.4}
181.17%;41.60%;5.68%;0.613;0.093;{'roe': 0.1, 'fcfy': 0.1, 'roic_wacc': 0.3, 'dividend_yield': 0.5}
180.74%;41.17%;3.52%;0.672;0.052;{'roe': 0.4, 'fcfy': 0.3, 'roic_wacc': 0.2, 'dividend_yield': 0.1}
180.64%;41.07%;9.90%;0.64;0.155;{'fcfy': 0.6, 'roic_wacc': 0.1, 'revenue_growth': 0.1, 'dividend_yield': 0.2}
180.41%;40.84%;5.72%;0.714;0.08;{'roe': 0.4, 'fcfy': 0.4, 'roic_wacc': 0.1, 'dividend_yield': 0.1}
180.37%;40.79%;9.81%;0.71;0.138;{'roe': 0.8, 'fcfy': 0.2}
180.02%;40.45%;5.89%;0.611;0.096;{'fcfy': 0.1, 'roic_wacc': 0.2, 'dividend_yield': 0.7}
179.45%;39.88%;4.32%;0.669;0.065;{'roe': 0.6, 'roic_wacc': 0.3, 'dividend_yield': 0.1}
179.29%;39.72%;4.08%;0.661;0.062;{'roe': 0.8, 'fcfy': 0.1, 'dividend_yield': 0.1}
178.92%;39.34%;11.47%;0.654;0.175;{'roe': 0.4, 'fcfy': 0.1, 'revenue_growth': 0.1, 'dividend_yield': 0.4}
178.56%;38.98%;8.71%;0.646;0.135;{'fcfy': 0.1, 'dividend_yield': 0.9}
178.55%;38.98%;2.43%;0.644;0.038;{'roe': 0.6, 'fcfy': 0.2, 'roic_wacc': 0.1, 'dividend_yield': 0.1}
178.02%;38.44%;5.69%;0.634;0.09;{'roe': 0.6, 'roic_wacc': 0.1, 'dividend_yield': 0.3}
177.79%;38.21%;10.99%;0.666;0.165;{'fcfy': 0.3, 'roic_wacc': 0.2, 'dividend_yield': 0.5}
177.49%;37.91%;3.18%;0.693;0.046;{'roe': 0.3, 'fcfy': 0.4, 'roic_wacc': 0.2, 'dividend_yield': 0.1}
177.45%;37.88%;1.52%;0.652;0.023;{'roe': 0.6, 'roic_wacc': 0.2, 'dividend_yield': 0.2}
176.92%;37.34%;6.32%;0.657;0.096;{'fcfy': 0.1, 'roic_wacc': 0.1, 'revenue_growth': 0.2, 'dividend_yield': 0.6}
176.12%;36.54%;0.47%;0.682;0.007;{'roe': 0.4, 'fcfy': 0.4, 'roic_wacc': 0.2}
175.99%;36.42%;7.07%;0.639;0.111;{'roic_wacc': 0.1, 'revenue_growth': 0.2, 'dividend_yield': 0.7}
175.98%;36.40%;-10.64%;0.653;-0.163;{'fcfy': 0.1, 'revenue_growth': 0.6, 'dividend_yield': 0.3}
175.73%;36.15%;4.61%;0.665;0.069;{'fcfy': 0.7, 'revenue_growth': 0.1, 'dividend_yield': 0.2}
175.58%;36.00%;4.93%;0.618;0.08;{'roe': 0.1, 'roic_wacc': 0.5, 'dividend_yield': 0.4}
175.44%;35.86%;3.74%;0.704;0.053;{'roe': 0.3, 'fcfy': 0.3, 'roic_wacc': 0.2, 'revenue_growth': 0.1, 'dividend_yield': 0.1}
174.96%;35.39%;-5.49%;0.629;-0.087;{'roe': 0.4, 'roic_wacc': 0.3, 'revenue_growth': 0.1, 'dividend_yield': 0.2}
174.88%;35.31%;4.23%;0.633;0.067;{'roe': 0.3, 'fcfy': 0.1, 'roic_wacc': 0.4, 'dividend_yield': 0.2}
174.86%;35.29%;8.37%;0.683;0.123;{'roe': 0.7, 'fcfy': 0.2, 'dividend_yield': 0.1}
174.78%;35.20%;1.47%;0.597;0.025;{'fcfy': 0.1, 'roic_wacc': 0.3, 'dividend_yield': 0.6}
174.65%;35.07%;2.45%;0.622;0.039;{'fcfy': 0.6, 'revenue_growth': 0.1, 'dividend_yield': 0.3}
174.27%;34.69%;5.76%;0.605;0.095;{'fcfy': 0.6, 'dividend_yield': 0.4}
174.15%;34.57%;-3.82%;0.655;-0.058;{'roe': 0.8, 'roic_wacc': 0.2}
173.73%;34.16%;-3.19%;0.674;-0.047;{'fcfy': 0.2, 'revenue_growth': 0.4, 'dividend_yield': 0.4}
173.73%;34.15%;15.03%;0.619;0.243;{'roe': 0.1, 'fcfy': 0.2, 'roic_wacc': 0.1, 'revenue_growth': 0.1, 'dividend_yield': 0.5}
173.20%;33.62%;0.68%;0.646;0.011;{'roe': 0.5, 'fcfy': 0.2, 'roic_wacc': 0.2, 'dividend_yield': 0.1}
173.12%;33.54%;-14.89%;0.665;-0.224;{'revenue_growth': 0.9, 'dividend_yield': 0.1}
172.43%;32.85%;5.34%;0.702;0.076;{'roe': 0.1, 'fcfy': 0.9}
171.92%;32.35%;-6.53%;0.629;-0.104;{'roe': 0.4, 'fcfy': 0.1, 'roic_wacc': 0.2, 'revenue_growth': 0.1, 'dividend_yield': 0.2}
170.99%;31.42%;2.52%;0.65;0.039;{'roe': 0.1, 'fcfy': 0.1, 'revenue_growth': 0.3, 'dividend_yield': 0.5}
170.96%;31.39%;-4.75%;0.64;-0.074;{'fcfy': 0.2, 'revenue_growth': 0.5, 'dividend_yield': 0.3}
170.57%;31.00%;8.14%;0.641;0.127;{'roe': 0.4, 'fcfy': 0.3, 'dividend_yield': 0.3}
170.29%;30.72%;10.65%;0.625;0.17;{'roe': 0.1, 'fcfy': 0.2, 'roic_wacc': 0.4, 'dividend_yield': 0.3}
170.03%;30.46%;5.28%;0.607;0.087;{'fcfy': 0.2, 'roic_wacc': 0.3, 'dividend_yield': 0.5}
169.77%;30.19%;3.67%;0.659;0.056;{'roe': 0.5, 'fcfy': 0.4, 'dividend_yield': 0.1}
169.74%;30.17%;7.26%;0.694;0.105;{'roe': 0.2, 'fcfy': 0.8}
168.91%;29.34%;8.78%;0.719;0.122;{'roe': 0.1, 'fcfy': 0.7, 'roic_wacc': 0.2}
168.24%;28.66%;3.70%;0.634;0.058;{'roe': 0.7, 'fcfy': 0.1, 'roic_wacc': 0.1, 'dividend_yield': 0.1}
167.73%;28.16%;12.56%;0.664;0.189;{'roe': 0.3, 'fcfy': 0.6, 'dividend_yield': 0.1}
167.29%;27.72%;6.09%;0.614;0.099;{'fcfy': 0.2, 'roic_wacc': 0.2, 'revenue_growth': 0.1, 'dividend_yield': 0.5}
167.12%;27.55%;2.13%;0.696;0.031;{'roe': 0.4, 'fcfy': 0.5, 'roic_wacc': 0.1}
166.87%;27.29%;-4.10%;0.62;-0.066;{'roe': 0.6, 'fcfy': 0.1, 'roic_wacc': 0.2, 'dividend_yield': 0.1}
166.75%;27.17%;7.98%;0.626;0.128;{'roe': 0.1, 'fcfy': 0.4, 'roic_wacc': 0.2, 'dividend_yield': 0.3}
166.72%;27.14%;9.62%;0.628;0.153;{'fcfy': 0.3, 'roic_wacc': 0.1, 'dividend_yield': 0.6}
166.36%;26.78%;2.79%;0.608;0.046;{'roe': 0.2, 'fcfy': 0.2, 'roic_wacc': 0.4, 'dividend_yield': 0.2}
166.33%;26.76%;6.68%;0.584;0.114;{'fcfy': 0.1, 'roic_wacc': 0.5, 'dividend_yield': 0.4}
166.19%;26.62%;-20.15%;0.631;-0.319;{'roe': 0.1, 'fcfy': 0.1, 'revenue_growth': 0.7, 'dividend_yield': 0.1}
165.46%;25.89%;-0.44%;0.638;-0.007;{'roe': 0.5, 'fcfy': 0.3, 'roic_wacc': 0.1, 'dividend_yield': 0.1}
165.06%;25.49%;3.58%;0.586;0.061;{'fcfy': 0.2, 'roic_wacc': 0.1, 'revenue_growth': 0.1, 'dividend_yield': 0.6}
164.93%;25.36%;7.60%;0.625;0.122;{'fcfy': 0.4, 'roic_wacc': 0.3, 'dividend_yield': 0.3}
164.55%;24.98%;10.81%;0.702;0.154;{'roe': 0.2, 'fcfy': 0.7, 'roic_wacc': 0.1}
164.24%;24.67%;7.09%;0.719;0.099;{'roe': 0.3, 'fcfy': 0.6, 'roic_wacc': 0.1}
163.49%;23.92%;-4.50%;0.596;-0.075;{'fcfy': 0.3, 'revenue_growth': 0.2, 'dividend_yield': 0.5}
163.21%;23.64%;9.01%;0.615;0.147;{'fcfy': 0.2, 'roic_wacc': 0.1, 'dividend_yield': 0.7}
162.77%;23.20%;0.78%;0.683;0.011;{'roe': 0.4, 'fcfy': 0.4, 'roic_wacc': 0.1, 'revenue_growth': 0.1}
162.05%;22.47%;-21.43%;0.603;-0.355;{'fcfy': 0.1, 'revenue_growth': 0.7, 'dividend_yield': 0.2}
161.14%;21.56%;4.02%;0.589;0.068;{'roe': 0.1, 'fcfy': 0.1, 'roic_wacc': 0.5, 'dividend_yield': 0.3}
159.81%;20.23%;-7.60%;0.58;-0.131;{'fcfy': 0.2, 'revenue_growth': 0.2, 'dividend_yield': 0.6}
159.70%;20.13%;-5.30%;0.642;-0.083;{'fcfy': 0.4, 'revenue_growth': 0.3, 'dividend_yield': 0.3}
158.16%;18.59%;1.32%;0.607;0.022;{'fcfy': 0.3, 'roic_wacc': 0.3, 'dividend_yield': 0.4}
157.41%;17.83%;-9.79%;0.609;-0.161;{'roe': 0.1, 'revenue_growth': 0.6, 'dividend_yield': 0.3}
156.72%;17.15%;-19.13%;0.602;-0.318;{'roe': 0.1, 'revenue_growth': 0.7, 'dividend_yield': 0.2}
156.44%;16.86%;-19.41%;0.626;-0.31;{'fcfy': 0.6, 'revenue_growth': 0.3, 'dividend_yield': 0.1}
155.58%;16.01%;-26.71%;0.582;-0.459;{'roic_wacc': 0.1, 'revenue_growth': 0.7, 'dividend_yield': 0.2}
153.44%;13.86%;-3.31%;0.587;-0.056;{'roe': 0.8, 'roic_wacc': 0.1, 'dividend_yield': 0.1}
151.80%;12.22%;-7.98%;0.614;-0.13;{'roe': 0.5, 'fcfy': 0.3, 'roic_wacc': 0.2}
147.64%;8.06%;-3.43%;0.554;-0.062;{'fcfy': 0.2, 'roic_wacc': 0.2, 'dividend_yield': 0.6}
146.30%;6.72%;-16.96%;0.578;-0.293;{'revenue_growth': 0.7, 'dividend_yield': 0.3}
144.04%;4.47%;-22.22%;0.574;-0.387;{'roe': 0.1, 'revenue_growth': 0.8, 'dividend_yield': 0.1}
110.78%;-28.79%;-38.40%;0.454;-0.846;{'revenue_growth': 0.8, 'dividend_yield': 0.2}